reporting_date,brand,product,total_net_revenue,total_net_revenue_ly,total_net_revenue_budget,total_stakes,total_stakes_ly,total_stakes_budget,total_wins,total_wins_ly,total_wins_budget,total_bonus,total_bonus_ly,total_bonus_budget,margin,margin_ly,margin_budget,volume_effect,spend_effect,margin_effect
2026-03-01,Brand A,Sportsbook,8206.979278451714,5945.970941827871,7674.640071976886,78954.0,66066.34379808746,80785.68496817775,69167.94072154828,58799.04598029784,71495.33119683732,1579.08,1321.3268759617492,1615.7136993635552,0.10394633936788147,0.09,0.095,1017.4537514807295,565.2520841559608,678.3025009871529
2026-03-01,Brand A,Casino,7740.739240417283,5446.954988121374,6130.755548600538,67518.0,60521.72209023749,64534.26893263724,58426.90075958271,53864.33266031137,57112.82800538396,1350.3600000000001,1210.43444180475,1290.685378652745,0.11464704583099741,0.09,0.095,1032.202913533159,573.4460630739773,688.1352756887727
2026-03-01,Brand A,Games,6057.004018744317,5947.485605177431,7100.934250767389,73635.59999999999,66083.17339086035,74746.67632386726,66105.88398125567,58814.02431786571,66150.80854662253,1472.7119999999998,1321.663467817207,1494.9335264773451,0.08225646316108401,0.09,0.095,49.2832861050987,27.379603391721503,32.855524070065805
2026-03-01,Brand B,Sportsbook,3866.186672803118,4221.335725240104,3858.747609855103,41946.4,46903.7302804456,40618.39589321161,37241.285327196885,41744.31994959658,35947.28036549227,838.928,938.074605608912,812.3679178642321,0.0921696897183815,0.09,0.095,-159.81707359664352,-88.7872631092464,-106.54471573109568
2026-03-01,Brand B,Casino,4713.537787224426,4641.954993153654,4196.6148052886265,45116.8,51577.277701707266,44174.8926872487,39500.92621277557,45903.77715451947,39094.7800282151,902.3360000000001,1031.5455540341454,883.497853744974,0.10447411578889518,0.09,0.095,32.21225733184752,17.895698517693063,21.474838221231675
2026-03-01,Brand B,Games,5378.282402878592,5563.675803196177,5131.254055468073,54744.8,61818.620035513086,54013.20058387445,48271.62159712141,55018.57183160664,47801.68251672889,1094.8960000000002,1236.3724007102617,1080.264011677489,0.09824279936868144,0.09,0.095,-83.42703014291347,-46.34835007939637,-55.61802009527564
2026-03-01,Brand C,Sportsbook,8247.798094607744,7227.356437737759,6489.0320751678355,69118.0,80303.96041930844,68305.60079124037,59487.841905392255,71470.5247731845,60450.45670024773,1382.3600000000001,1606.0792083861688,1366.1120158248075,0.11932923543227153,0.09,0.095,459.1987455914934,255.11041421749633,306.1324970609956
2026-03-01,Brand C,Casino,5896.185371514054,6751.678863857765,6521.0240668321385,67912.0,75018.65404286406,68642.35859823304,60657.57462848595,66766.602098149,60748.48735943624,1358.24,1500.3730808572811,1372.847171964661,0.08682096494749167,0.09,0.095,-384.9720715546697,-213.8733730859276,-256.6480477031131
2026-03-01,Brand C,Games,6613.488665098919,6393.398548722604,6398.657527629251,64502.0,71037.76165247337,67354.28976451843,56598.47133490108,63223.60787070131,59608.54644159881,1290.04,1420.7552330494675,1347.0857952903687,0.10253152871382157,0.09,0.095,99.04055236934201,55.02252909407889,66.02703491289466
2026-03-02,Brand A,Sportsbook,7760.611578523522,5754.432776588065,6590.30106264959,72279.59999999999,63938.14196208961,69371.59013315357,63073.39642147647,56904.946346259756,61393.85726784091,1445.5919999999999,1278.7628392417923,1387.4318026630715,0.10736932106048627,0.09,0.095,902.7804608709557,501.5447004838643,601.8536405806371
2026-03-02,Brand A,Casino,9186.982141994727,6180.849634206476,7150.522521080117,78944.4,68676.10704673863,75268.65811663281,68178.52985800526,61121.73527159738,66612.76243322004,1578.888,1373.5221409347726,1505.3731623326562,0.11637281608315128,0.09,0.095,1352.759628504713,751.5331269470628,901.8397523364753
2026-03-02,Brand A,Games,6239.890025877954,4776.994087697559,5769.963120804824,61902.0,53077.71208552843,60736.453903208676,54424.069974122045,47239.1637561203,53751.76170433968,1238.04,1061.5542417105687,1214.7290780641736,0.10080272084711243,0.09,0.095,658.3031721811778,365.7239845450988,438.86878145411856
2026-03-02,Brand B,Sportsbook,5767.973553615713,5281.839732163396,4593.7994425141715,50733.600000000006,58687.10813514884,48355.78360541233,43950.9544463843,52231.52624028247,42794.868490789915,1014.6720000000001,1173.7421627029769,967.1156721082467,0.11369139098379993,0.09,0.095,218.7602196535429,121.53345536307938,145.84014643569526
2026-03-02,Brand B,Casino,4628.418602249829,4786.067545715421,4398.363296786451,44540.0,53178.528285726905,46298.56101880475,39020.781397750165,47328.89017429695,40974.2265016422,890.8000000000001,1063.5705657145381,925.9712203760951,0.1039159991524434,0.09,0.095,-70.94202455951654,-39.41223586639808,-47.29468303967769
2026-03-02,Brand B,Games,4027.232511866274,4912.698942873093,4534.407831866358,49227.200000000004,54585.543809701034,47730.60875648798,44215.423488133725,48581.13399063392,42241.58874949186,984.5440000000001,1091.7108761940208,954.6121751297596,0.08180909155642152,0.09,0.095,-398.4598939530687,-221.3666077517048,-265.63992930204574
2026-03-02,Brand C,Sportsbook,6942.137115154509,6078.659767349405,5608.490860263823,58529.0,67540.66408166006,59036.74589751393,50416.28288484549,60111.19103267745,52247.52011929983,1170.58,1350.813281633201,1180.7349179502787,0.11861021229056552,0.09,0.095,388.56480651229674,215.86933695127595,259.0432043415311
2026-03-02,Brand C,Casino,6314.022324914232,5851.904517543487,5159.287573912006,56331.0,65021.16130603874,54308.29025170533,48890.35767508577,57868.83356237448,48062.83687275922,1126.6200000000001,1300.4232261207749,1086.1658050341066,0.11208787923016159,0.09,0.095,207.95301331683532,115.52945184268629,138.63534221122353
2026-03-02,Brand C,Games,6365.403484789211,6587.703071596249,6264.206725104779,66448.0,73196.70079551388,65939.01815899767,58753.63651521079,65145.06370800736,58356.03107071294,1328.96,1463.9340159102776,1318.7803631799534,0.0957952607270228,0.09,0.095,-100.03481406316727,-55.5748967017596,-66.68987604211152
2026-03-03,Brand A,Sportsbook,6846.616691234409,5171.094964359048,6196.734935685673,63234.0,57456.61071510054,65228.78879669129,55122.703308765595,51136.38353643948,57727.478085071794,1264.68,1149.1322143020109,1304.5757759338258,0.10827429375390468,0.09,0.095,753.9847770939122,418.8804317188401,502.6565180626081
2026-03-03,Brand A,Casino,8987.629824602647,5861.225709696811,7371.695486388251,76783.2,65124.73010774234,77596.79459356054,66259.90617539735,57961.009795890684,68673.16321530107,1535.664,1302.494602154847,1551.9358918712107,0.11705203514053396,0.09,0.095,1406.8818517076265,781.6010287264592,937.921234471751
2026-03-03,Brand A,Games,6605.75696043748,5092.650051056989,6629.1748689817805,67420.8,56585.000567299874,69780.78809454506,59466.627039562525,50360.65050489689,61755.99746367238,1348.4160000000002,1131.7000113459976,1395.6157618909012,0.09797802696552814,0.09,0.095,680.8981092212213,378.27672734512294,453.9320728141475
2026-03-03,Brand B,Sportsbook,5170.314837791827,5535.248707041662,5181.266100742472,55590.4,61502.76341157402,54539.64316571024,49308.27716220818,54737.45943630088,48267.58420165355,1111.808,1230.0552682314806,1090.7928633142049,0.09300733288106988,0.09,0.095,-164.22024116242574,-91.23346731245874,-109.48016077495049
2026-03-03,Brand B,Casino,5467.74830568218,5791.174449355552,5456.132786144037,55292.0,64346.382770617245,57432.97669625302,48718.41169431782,57268.28066584935,50828.18437618392,1105.84,1286.9276554123448,1148.6595339250605,0.09888859700647798,0.09,0.095,-145.5417646530171,-80.85653591834284,-97.0278431020114
2026-03-03,Brand B,Games,5656.6684460997185,5598.279051633587,5108.273538444096,51958.4,62203.10057370653,53771.300404674694,45262.56355390028,55360.75951059881,47587.600858137106,1039.1680000000001,1244.0620114741305,1075.426008093494,0.10886918084659493,0.09,0.095,26.275227509759087,14.597348616532827,17.516818339839393
2026-03-03,Brand C,Sportsbook,5096.122133977979,5350.116460698587,4794.713319472147,50502.0,59445.738452206526,50470.66652075944,44395.83786602202,52906.70722246381,44666.539870872104,1010.0400000000001,1188.9147690441305,1009.4133304151889,0.10090931317527976,0.09,0.095,-114.29744702427365,-63.49858168015203,-76.19829801618243
2026-03-03,Brand C,Casino,6719.937052276942,6842.144509416888,6702.626995256119,67868.0,76023.82788240987,70553.96837111704,59790.70294772305,67661.20681534478,62440.26200843858,1357.3600000000001,1520.4765576481973,1411.0793674223407,0.09901480892728447,0.09,0.095,-54.99335571297538,-30.551864284986323,-36.66223714198359
2026-03-03,Brand C,Games,6498.854774859523,6566.41242017569,5712.638934141916,62383.0,72960.13800195212,60133.04141202017,54636.48522514047,64934.52282173738,53217.74164963784,1247.66,1459.2027600390425,1202.6608282404034,0.1041766951711127,0.09,0.095,-30.40094039227538,-16.889411329041877,-20.26729359485025
2026-03-04,Brand A,Sportsbook,5152.040053446354,4747.734865191289,5731.519080197547,62013.6,52752.60961323655,60331.77979155313,55621.287946553646,46949.82255578053,53393.62511552452,1240.272,1055.052192264731,1206.6355958310626,0.08307919639315173,0.09,0.095,181.9373347147794,101.07629706376633,121.29155647651959
2026-03-04,Brand A,Casino,7547.306325114629,5532.98930852432,7090.062991217065,71896.8,61477.658983603564,74632.24201281121,62911.55767488537,54715.11649540718,66049.53418133792,1437.9360000000001,1229.5531796720713,1492.6448402562244,0.10497416192535174,0.09,0.095,906.4426574656388,503.5792541475771,604.2951049770925
2026-03-04,Brand A,Games,8046.1799906746155,5550.578433578683,7069.131532384762,71746.8,61673.09370642981,74411.91086720802,62265.684009325385,54889.053398722535,65854.5411174791,1434.9360000000001,1233.4618741285963,1488.2382173441604,0.11214688307596457,0.09,0.095,1123.0207006931696,623.9003892739831,748.6804671287797
2026-03-04,Brand B,Sportsbook,3988.7248141263954,4408.078888615999,4231.863695382321,42901.600000000006,48978.654317955545,44545.933635603375,38054.84318587361,43591.002342980435,39423.15126750898,858.0320000000002,979.5730863591109,890.9186727120675,0.09297380084021097,0.09,0.095,-188.70933352032162,-104.8385186224009,-125.80622234688107
2026-03-04,Brand B,Casino,4066.829677257663,5158.811368759623,4494.17145466142,48184.0,57320.12631955137,47307.067943804424,43153.490322742335,51014.91242440071,41866.755130266916,963.6800000000001,1146.4025263910273,946.1413588760885,0.08440207698110708,0.09,0.095,-491.39176117588204,-272.99542287549,-327.594507450588
2026-03-04,Brand B,Games,4696.724585745599,4221.210183863463,4023.258098411188,41044.8,46902.3353762607,42350.085246433555,35527.1794142544,41743.07848487202,37479.8254430937,820.8960000000001,938.0467075252141,847.0017049286711,0.11442922333025374,0.09,0.095,213.98148084696146,118.87860047053414,142.65432056464095
2026-03-04,Brand C,Sportsbook,5717.693157295875,5780.3219334711075,5483.599765420421,57526.0,64225.79926079009,57722.10279389917,50657.78684270413,57160.961342103175,51084.06097260077,1150.52,1284.5159852158017,1154.4420558779834,0.09939319885435934,0.09,0.095,-28.182949278854768,-15.657194043808204,-18.788632852569844
2026-03-04,Brand C,Casino,5905.117212610356,6484.038804601591,6304.149622783651,63545.0,72044.87560668435,66359.46971351211,56368.98278738964,64119.93928994908,58728.13069645822,1270.9,1440.897512133687,1327.1893942702422,0.09292811728083021,0.09,0.095,-260.51471639605614,-144.73039799780895,-173.67647759737073
2026-03-04,Brand C,Games,8068.863839720643,7149.5030151976125,6360.5664809090895,67879.0,79438.92239108459,66953.33137799041,58452.55616027935,70700.64092806529,59253.69826952152,1357.58,1588.7784478216918,1339.0666275598082,0.11887128330883842,0.09,0.095,413.71237103536384,229.84020613075768,275.8082473569092
2026-03-05,Brand A,Sportsbook,7474.173101608795,6495.77089907947,7712.8272360534465,81210.0,72175.23221199411,81187.65511635206,72111.6268983912,64235.956668674764,71851.07477797157,1624.2,1443.5046442398823,1623.7531023270412,0.09203513239267079,0.09,0.095,440.2809911381964,244.6005506323313,293.52066075879753
2026-03-05,Brand A,Casino,6605.630284384885,6240.420218694267,7649.396742293119,80498.4,69338.0024299363,80519.96570834862,72282.80171561512,61710.82216264331,71260.16965188853,1609.9679999999998,1386.760048598726,1610.3993141669725,0.08205915004999957,0.09,0.095,164.3445295607784,91.30251642265466,109.56301970718559
2026-03-05,Brand A,Games,5750.548947871453,5065.674597599333,6201.636815196523,67026.0,56285.273306659255,65280.387528384446,59934.93105212855,50093.89324292674,57773.14296262024,1340.52,1125.7054661331852,1305.607750567689,0.08579579488364893,0.09,0.095,308.193457622454,171.21858756803,205.46230508163598
2026-03-05,Brand B,Sportsbook,5649.258004021497,5612.335224904415,5202.287729292463,54472.8,62359.28027671572,54760.923466236454,47734.08599597851,55499.759446276985,48463.41726761927,1089.4560000000001,1247.1856055343144,1095.218469324729,0.10370786895517574,0.09,0.095,16.615250602687095,9.230694779270607,11.076833735124728
2026-03-05,Brand B,Casino,6101.950511036074,5918.879818035256,5172.578532598516,55915.200000000004,65765.33131150284,54448.19507998438,48694.94548896393,58531.14486723753,48186.652645786184,1118.304,1315.306626230057,1088.9639015996877,0.10912865394447438,0.09,0.095,82.3818118503682,45.76767325020455,54.92120790024546
2026-03-05,Brand B,Games,4016.7451711934773,4321.486233350338,4169.1022284713945,41861.600000000006,48016.51370389264,43885.28661548836,37007.622828806525,42734.69719646445,38838.4786547072,837.2320000000001,960.3302740778528,877.7057323097672,0.09595297769778213,0.09,0.095,-137.13347797058728,-76.18526553921515,-91.42231864705818
2026-03-05,Brand C,Sportsbook,5734.55470934256,6165.824042298069,6065.303275444031,61774.0,68509.1560255341,63845.29763625296,54803.965290657434,60973.14886272536,56503.08840808387,1235.48,1370.183120510682,1276.9059527250593,0.09283120259886943,0.09,0.095,-194.0711998299789,-107.81733323887715,-129.38079988665257
2026-03-05,Brand C,Casino,5730.1393204991555,6483.000734616992,6060.6291240818855,61589.0,72033.34149574436,63796.09604296721,54627.08067950085,64109.673931212485,56459.54499802599,1231.78,1440.6668299148873,1275.9219208593443,0.09303835620807539,0.09,0.095,-338.7876363530266,-188.2153535294592,-225.85842423535104
2026-03-05,Brand C,Games,5721.4707234416455,6369.647867044311,6110.4654962710465,64243.0,70773.86518938123,64320.68943443207,57236.66927655836,62988.7400185493,56923.81014947238,1284.8600000000001,1415.4773037876248,1286.4137886886415,0.08905983100791752,0.09,0.095,-291.67971462119954,-162.0442859006664,-194.4531430807997
2026-03-06,Brand A,Sportsbook,6089.18079397257,5149.8711954415785,6297.571201500467,63493.2,57220.79106046199,66290.22317368913,56134.155206027426,50926.504043811176,58666.847508714876,1269.864,1144.4158212092398,1325.8044634737826,0.09590288084350089,0.09,0.095,422.6893193389464,234.82739963274798,281.79287955929755
2026-03-06,Brand A,Casino,6877.646227508537,4779.285815739581,6076.81020530457,62862.0,53103.1757304398,63966.42321373232,54727.113772491466,47261.82640009142,56610.2845441531,1257.24,1062.063514608796,1279.3284642746464,0.10940864476963089,0.09,0.095,944.26218529603,524.5901029422389,629.5081235306867
2026-03-06,Brand A,Games,6964.250648260452,5819.651407531773,7601.710321064298,77108.4,64662.793417019704,80018.00337962419,68601.98135173954,57549.88614114754,70815.93299096741,1542.168,1293.255868340394,1600.3600675924838,0.09031766510860623,0.09,0.095,515.0696583279058,286.14981018216986,343.3797722186038
2026-03-06,Brand B,Sportsbook,5160.1102314620875,5155.453706066439,5104.501518151134,51260.0,57282.81895629377,53731.59492790668,45074.689768537915,50981.70887110146,47552.46151119741,1025.2,1145.6563791258754,1074.6318985581336,0.10066543565084057,0.09,0.095,2.0954364280419213,1.1641313489121785,1.3969576186946142
2026-03-06,Brand B,Casino,5856.362399948664,5112.902343683519,4605.426078839399,50534.4,56810.02604092799,48478.16925094104,43667.34960005133,50560.92317642591,42903.179787082816,1010.6880000000001,1136.2005208185599,969.5633850188209,0.11588863031813307,0.09,0.095,334.5570253193152,185.86501406628622,223.03801687954345
2026-03-06,Brand B,Games,5067.6264970987495,5945.386786278579,5116.98602123373,55593.600000000006,66059.8531808731,53863.01074982873,49414.101502901256,58793.26933097707,47668.76451359843,1111.872,1321.1970636174622,1077.2602149965746,0.09115485410368727,0.09,0.095,-394.9921301309234,-219.44007229495742,-263.32808675394887
2026-03-06,Brand C,Sportsbook,6914.456502657986,6318.7188328500915,5913.907507191805,59874.0,70207.98703166768,62251.65797044005,51762.06349734201,62485.10845818424,55092.71730383945,1197.48,1404.1597406333537,1245.033159408801,0.11548345697060469,0.09,0.095,268.0819514135524,148.93441745197356,178.72130094236826
2026-03-06,Brand C,Casino,6928.033508328735,6632.336553567392,6164.731363033591,62183.0,73692.62837297103,64891.90908456412,54011.30649167126,65586.4392519442,57429.339539839246,1243.66,1473.8525674594205,1297.8381816912824,0.11141362604455775,0.09,0.095,133.06362964260416,73.92423869033564,88.70908642840277
2026-03-06,Brand C,Games,7801.228655897369,6712.762837749467,6504.902623591841,65586.0,74586.25375277185,68472.65919570359,56473.05134410263,66381.76583996695,60598.30338819767,1311.72,1491.7250750554372,1369.4531839140718,0.11894655347021268,0.09,0.095,489.80961816655616,272.11645453697565,326.5397454443708
2026-03-07,Brand A,Sportsbook,6843.14215512013,5124.886991738512,6066.977288492539,63553.2,56943.18879709458,63862.91882623725,55438.99384487987,50679.43802941418,56518.68316121996,1271.064,1138.8637759418916,1277.258376524745,0.10767580790770773,0.09,0.095,773.2148235217282,429.5637908454046,515.4765490144855
2026-03-07,Brand A,Casino,7231.504970497657,6479.459641858439,7839.644895927191,80808.0,71993.99602064933,82522.57785186516,71960.33502950234,64074.656458377896,73032.48139890067,1616.16,1439.8799204129866,1650.4515570373032,0.08948996349987201,0.09,0.095,338.42039788764833,188.01133215980462,225.61359859176554
2026-03-07,Brand A,Games,7050.978417148785,5129.645900148378,6304.793187922101,64784.399999999994,56996.0655572042,66366.24408339054,56437.73358285121,50726.49834591174,58734.12601380063,1295.6879999999999,1139.921311144084,1327.3248816678108,0.10883759697008517,0.09,0.095,864.5996326501833,480.3331292501018,576.3997551001222
2026-03-07,Brand B,Sportsbook,4147.10158337466,4558.977874105683,3990.8343919697368,43788.0,50655.30971228537,42008.78307336565,38765.13841662534,45083.225643933976,37177.7730199286,875.76,1013.1061942457075,840.175661467313,0.09470863212237735,0.09,0.095,-185.34433082896072,-102.96907268275595,-123.56288721930713
2026-03-07,Brand B,Casino,6656.514825387004,5656.462191311241,5354.77517776716,55864.0,62849.579903458245,56366.054502812214,48090.205174612995,55936.12611407784,49883.958234988815,1117.28,1256.9915980691649,1127.3210900562442,0.11915571433100036,0.09,0.095,450.0236853340931,250.0131585189406,300.0157902227287
2026-03-07,Brand B,Games,5254.602986505153,5030.678183780708,4523.861383122008,47003.200000000004,55896.424264230096,47619.593506547455,40808.53301349485,49747.817595164786,42143.3402532945,940.0640000000001,1117.928485284602,952.3918701309491,0.11179245214166594,0.09,0.095,100.76616122600016,55.981200681111204,67.17744081733345
2026-03-07,Brand C,Sportsbook,6209.586580657662,5897.937095432453,5252.00038367709,57022.0,65532.63439369393,55284.214565022005,49671.973419342336,58324.044610387595,48926.529890044476,1140.44,1310.6526878738787,1105.68429130044,0.10889808461046022,0.09,0.095,140.24226835134405,77.91237130630225,93.49484556756269
2026-03-07,Brand C,Casino,5145.467320674184,6555.702386910792,6140.461809352986,62946.0,72841.13763234213,64636.440098452484,56541.612679325815,64828.612492784494,57203.249487130444,1258.92,1456.8227526468427,1292.7288019690498,0.08174415087017735,0.09,0.095,-634.6057798064736,-352.558766559152,-423.07051987098237
2026-03-07,Brand C,Games,6502.672603672828,7379.172064512274,6786.278769777889,68589.0,81990.80071680305,71434.51336608303,60714.54739632717,72971.81263795472,63219.54432898348,1371.78,1639.816014336061,1428.6902673216607,0.09480634801021778,0.09,0.095,-394.42475737775084,-219.12486520986158,-262.9498382518339
2026-03-08,Brand A,Sportsbook,7270.914962897748,4623.015365548461,5779.037141789136,61272.0,51366.837394982904,60831.96991356985,52775.64503710225,45716.485281534784,53836.29337350931,1225.44,1027.3367478996581,1216.6393982713969,0.11866619276174678,0.09,0.095,1191.5548188071793,661.9748993373219,794.3698792047862
2026-03-08,Brand A,Casino,7697.7816230160315,6270.136972010243,7592.441421788852,83464.8,69668.18857789159,79920.43601883002,74097.72237698396,62004.687834323515,70729.58587666457,1669.296,1393.3637715578318,1598.4087203766005,0.09222788077148728,0.09,0.095,642.4400929526049,356.91116275144714,428.29339530173655
2026-03-08,Brand A,Games,5516.586156273396,4827.638190816439,5928.586452743953,63570.0,53640.424342404884,62406.17318677845,56782.0138437266,47739.97766474035,55229.463270298926,1271.4,1072.8084868480978,1248.123463735569,0.0867797098674437,0.09,0.095,310.0265844556306,172.2369913642392,206.68438963708704
2026-03-08,Brand B,Sportsbook,4858.296074001859,4251.076797918237,4073.5676855590464,41452.8,47234.18664353597,42879.65984798996,35765.447925998145,42038.426112747016,37948.49896547111,829.056,944.6837328707194,857.5931969597992,0.11720067339243329,0.09,0.095,273.2486742376297,151.80481902090537,182.16578282508644
2026-03-08,Brand B,Casino,6613.233662645005,5522.42554358367,5313.304054107026,55293.600000000006,61360.28381759634,55929.51635902132,47574.494337355,54610.652597660745,49497.62197773387,1105.872,1227.2056763519267,1118.5903271804264,0.11960215400417054,0.09,0.095,490.86365357760064,272.7020297653337,327.24243571840043
2026-03-08,Brand B,Games,3939.7149907687676,4295.318118289472,3946.213046891396,42407.200000000004,47725.75686988303,41539.08470411996,37619.34100923123,42475.9236141959,36762.089963146165,848.1440000000001,954.5151373976606,830.7816940823992,0.09290203056954402,0.09,0.095,-160.02140738431711,-88.90078188017617,-106.6809382562114
2026-03-08,Brand C,Sportsbook,5932.345175137672,5822.938375843105,5634.420486126657,58096.0,64699.31528714561,59309.68932764902,51001.73482486233,57582.390605559594,52489.075054969384,1161.92,1293.9863057429122,1186.1937865529806,0.10211279907631632,0.09,0.095,49.23305968255536,27.351699823641866,32.82203978837024
2026-03-08,Brand C,Casino,6399.420097963534,5930.767456531709,5465.489056596683,55801.0,65897.41618368567,57531.463753649296,48285.55990203647,58648.700403480245,50915.345421979626,1116.02,1317.9483236737133,1150.629275072986,0.11468289274320415,0.09,0.095,210.89368864432126,117.16316035795626,140.59579242954752
2026-03-08,Brand C,Games,6171.977938724965,5856.001955067424,5302.011126825055,58716.0,65066.68838963805,55810.64344026374,51369.702061275035,57909.352666777864,49392.41944463341,1174.32,1301.3337677927611,1116.2128688052749,0.10511577659794544,0.09,0.095,142.18919264589317,78.9939959143851,94.79279509726211
2026-03-09,Brand A,Sportsbook,5154.943028806614,5108.638951649854,5908.33244028432,62841.6,56762.655018331716,62192.973055624425,56429.82497119338,50518.762966315226,55040.78115422762,1256.832,1135.2531003666343,1243.8594611124886,0.08203074124157587,0.09,0.095,20.83683472054213,11.576019289190072,13.891223147028086
2026-03-09,Brand A,Casino,8131.894706693833,5913.81284935516,7183.471452967558,76083.59999999999,65709.03165950178,75615.48897860588,66430.03329330616,58481.03817695658,66919.70774606621,1521.6719999999998,1314.1806331900357,1512.3097795721176,0.10688104541180798,0.09,0.095,998.1368358024025,554.5204643346681,665.4245572016017
2026-03-09,Brand A,Games,9193.29467677983,6035.353054183022,7891.927127519788,80349.59999999999,67059.47837981136,83072.91713178724,69549.31332322017,59682.93575803211,73519.53166163171,1606.992,1341.1895675962273,1661.4583426357449,0.11441618473246701,0.09,0.095,1421.0737301685633,789.4854056492018,947.3824867790421
2026-03-09,Brand B,Sportsbook,4863.647902914242,4761.385001535337,4463.360126625219,47925.600000000006,52904.277794837086,46982.738175002305,42103.44009708576,47084.807237405,41579.723284877036,958.5120000000002,1058.0855558967417,939.6547635000461,0.10148329708786621,0.09,0.095,46.01830562050709,25.56572534472616,30.67887041367139
2026-03-09,Brand B,Casino,6198.847090424583,5563.375389211937,4851.500702595508,52262.4,61815.28210235485,51068.42844837377,45018.30490957542,55015.60107109582,45195.55917681079,1045.248,1236.305642047097,1021.3685689674754,0.1186100732156308,0.09,0.095,285.96226554569097,158.86792530316166,190.64151036379397
2026-03-09,Brand B,Games,4394.892263519736,4100.582005988567,3832.300313679843,40700.8,45562.02228876186,40340.003301893084,35491.89173648026,40550.19983699806,35700.90292217538,814.0160000000001,911.2404457752372,806.8000660378617,0.10798048843068775,0.09,0.095,132.4396158890259,73.57756438279216,88.2930772593506
2026-03-09,Brand C,Sportsbook,5745.116303227357,6023.822105138002,5680.536028014599,57079.0,66931.35672375558,59795.11608436419,50192.303696772644,59568.907484142466,52918.67773466231,1141.58,1338.6271344751117,1195.9023216872838,0.10065201393204781,0.09,0.095,-125.41761085979037,-69.67645047766132,-83.61174057319359
2026-03-09,Brand C,Casino,6626.671650091367,6764.784780051061,6401.879289822743,68077.0,75164.27533390067,67388.20305076572,60088.78834990863,66896.20504717159,59638.55969992766,1361.54,1503.2855066780135,1347.7640610153144,0.09734082950322968,0.09,0.095,-62.150908481862146,-34.52828248992341,-41.43393898790809
2026-03-09,Brand C,Games,6538.8020630673545,5501.483889779901,4993.0126407096295,55177.0,61127.59877533223,52558.02779694347,47534.65793693264,54403.56291004569,46513.854600294966,1103.54,1222.5519755066448,1051.1605559388695,0.118505936587117,0.09,0.095,466.79317797935414,259.3295433218634,311.1954519862361
2026-03-10,Brand A,Sportsbook,6838.669299277703,6541.626078275361,8040.059077490894,83066.4,72684.73420305956,84632.20081569362,74566.40270072229,64689.413440723,74899.49772188885,1661.328,1453.6946840611913,1692.6440163138725,0.08232774382033775,0.09,0.095,133.66944945105425,74.26080525058569,89.11296630070282
2026-03-10,Brand A,Casino,6723.443885437348,6314.058381481744,7427.7020930314075,80275.2,70156.20423868604,78186.33782138323,71946.25211456265,62439.02177243058,69194.90897192416,1605.504,1403.1240847737208,1563.7267564276647,0.08375493160325168,0.09,0.095,184.2234767800221,102.34637598890117,122.81565118668141
2026-03-10,Brand A,Games,7583.309162877731,5680.703206246328,7255.301276425086,75330.0,63118.924513848084,76371.59238342196,66240.09083712226,56175.842817324796,67588.85925932843,1506.6000000000001,1262.3784902769617,1527.431847668439,0.10066785029706267,0.09,0.095,856.1726804841315,475.65148915785085,570.781786989421
2026-03-10,Brand B,Sportsbook,3909.466867530853,4912.380838662627,4638.619003355806,47729.600000000006,54582.00931847363,48827.5684563769,42865.54113246916,48577.98829344154,43212.39808389355,954.5920000000001,1091.6401863694728,976.5513691275381,0.08190864510766595,0.09,0.095,-451.31128700929827,-250.72849278294348,-300.87419133953216
2026-03-10,Brand B,Casino,3872.831977479582,4152.007366327558,3778.419715138003,41343.200000000004,46133.41518141732,39772.83910671582,36643.50402252042,41058.73951146141,35198.9626094435,826.8640000000001,922.6683036283464,795.4567821343164,0.09367518666865607,0.09,0.095,-125.62892498158926,-69.79384721199403,-83.75261665439284
2026-03-10,Brand B,Games,5430.857593942214,4726.938002605652,4309.604444380292,47548.0,52521.53336228503,45364.257309266235,41166.182406057786,46744.164692433675,40147.36771870062,950.96,1050.4306672457005,907.2851461853247,0.11421842336044029,0.09,0.095,316.7638161014529,175.9798978341405,211.1758774009686
2026-03-10,Brand C,Sportsbook,6050.2108902000955,6107.792910821725,5804.474372603059,61151.0,67864.36567579694,61099.73023792694,53877.769109799905,60399.285451459284,54073.26126056534,1223.02,1357.2873135159389,1221.9946047585388,0.09893887083122263,0.09,0.095,-25.911909279733255,-14.395505155407363,-17.274606186488835
2026-03-10,Brand C,Casino,5739.444779081798,5586.042418176652,5232.868560621823,54452.0,62067.13797974058,55082.82695391393,47623.515220918205,55239.75280196912,48748.30185421383,1089.04,1241.3427595948117,1101.6565390782787,0.10540374603470576,0.09,0.095,69.0310624073155,38.350590226286386,46.02070827154366
2026-03-10,Brand C,Games,6201.1670178277045,5356.142703899876,4777.306131673162,52849.0,59512.69670999863,50287.43296498065,45590.85298217229,52966.30007189878,44504.37817400788,1056.98,1190.2539341999725,1005.7486592996131,0.11733745232317933,0.09,0.095,380.2609412675227,211.25607848195705,253.50729417834845
2026-03-11,Brand A,Sportsbook,6210.874859102033,5449.2384226194,6928.048232017477,71787.59999999999,60547.09358466,72926.82349492081,64140.973140897964,53886.9132903474,64540.238793004915,1435.752,1210.9418716932,1458.5364698984163,0.08651737708325719,0.09,0.095,342.73639641718495,190.4091091206583,228.49093094478994
2026-03-11,Brand A,Casino,9526.853365318944,6259.33677859674,8241.999682708867,83067.59999999999,69548.18642885267,86757.89139693545,71879.39463468104,61897.88592167888,76780.73388628788,1661.3519999999999,1390.9637285770534,1735.157827938709,0.11468795734220015,0.09,0.095,1470.3824640249918,816.879146680551,980.2549760166612
2026-03-11,Brand A,Games,6451.864761408581,4744.434582642535,5732.185949659817,61021.2,52715.939807139286,60338.79947010334,53348.91123859142,46917.18642835397,53399.837531041456,1220.424,1054.3187961427857,1206.775989402067,0.10573152873769413,0.09,0.095,768.3435804447207,426.8575446915115,512.2290536298138
2026-03-11,Brand B,Sportsbook,4537.623749935518,4592.196183914958,4235.590440845319,43200.0,51024.40204349953,44585.16253521389,37798.37625006448,45411.717818714584,39457.86884366429,864.0,1020.4880408699906,891.7032507042777,0.10503758680406292,0.09,0.095,-24.55759529074785,-13.643108494859916,-16.371730193831898
2026-03-11,Brand B,Casino,4041.174565341008,4658.953379687238,4096.935211836873,44428.8,51766.14866319154,43125.633808809194,39499.04943465899,46071.87231024048,38166.18592079613,888.576,1035.3229732638308,862.512676176184,0.09095844509284536,0.09,0.095,-278.00046645580363,-154.44470358655758,-185.33364430386908
2026-03-11,Brand B,Games,4668.95411067563,4564.865805638128,4039.918772284512,44580.8,50720.73117375698,42525.460760889604,39020.22988932437,45141.45074464372,37635.032773387305,891.6160000000001,1014.4146234751397,850.5092152177921,0.10473015537351571,0.09,0.095,46.83973726687564,26.022076259375353,31.226491511250423
2026-03-11,Brand C,Sportsbook,5993.643761040156,6968.42132033867,6196.341152342263,66281.0,77426.90355931855,65224.64370886592,58961.73623895984,68909.94416779351,57723.80968234634,1325.6200000000001,1548.538071186371,1304.4928741773185,0.09042778112943613,0.09,0.095,-438.6499016843311,-243.6943898246284,-292.43326778955407
2026-03-11,Brand C,Casino,6257.057484195918,5605.606716627993,4983.617786139381,53267.0,62284.51907364436,52459.13459094085,45944.60251580409,55433.221975543485,46426.33411298265,1065.34,1245.6903814728873,1049.182691818817,0.11746592607422829,0.09,0.095,293.1528454055663,162.86269189198129,195.43523027037753
2026-03-11,Brand C,Games,5252.604616378828,6077.440737662463,5632.485430182785,57543.0,67527.1193073607,59289.32031771353,51139.53538362117,60099.13618355102,52471.04848117647,1150.8600000000001,1350.542386147214,1185.7864063542706,0.09128138290285226,0.09,0.095,-371.1762545776359,-206.20903032090882,-247.45083638509058
2026-03-12,Brand A,Sportsbook,7623.54151376101,5829.188023175863,7077.060208540951,73988.4,64768.75581306515,74495.37061622053,64885.09048623899,57644.192673627986,65928.40299535518,1479.7679999999998,1295.375116261303,1489.9074123244106,0.10303698301032338,0.09,0.095,807.4590707633159,448.58837264628664,538.306047175544
2026-03-12,Brand A,Casino,8996.377599736763,6388.234677088606,7597.193163054614,81007.2,70980.38530098452,79970.4543479433,70390.67840026323,63172.54291787622,70773.85209792982,1620.144,1419.6077060196903,1599.409086958866,0.11105651842967987,0.09,0.095,1173.6643151916705,652.0357306620392,782.442876794447
2026-03-12,Brand A,Games,7377.977137955442,5357.747295433847,6367.774380991737,68828.4,59530.52550482053,67029.20401043934,60073.85486204455,52982.16769929027,59320.84554923882,1376.568,1190.6105100964105,1340.5840802087869,0.10719379119600983,0.09,0.095,909.1034291347178,505.05746063039874,606.0689527564784
2026-03-12,Brand B,Sportsbook,5621.014297805888,5121.80226470777,4416.830062236018,48414.4,56908.91405230855,46492.948023537036,41825.097702194114,50648.93350655461,41146.25900083028,968.288,1138.1782810461712,929.8589604707407,0.11610211626718267,0.09,0.095,224.64541489415348,124.8030082745297,149.76360992943563
2026-03-12,Brand B,Casino,4734.745994652036,5330.477167174212,4840.1491928267615,51517.600000000006,59227.52407971347,50948.93887186065,45752.50200534797,52712.496430944986,45089.81090159667,1030.352,1184.5504815942693,1018.978777437213,0.09190540698037243,0.09,0.095,-268.0790276349793,-148.93279313054404,-178.71935175665286
2026-03-12,Brand B,Games,5316.709558512385,4689.3807878406615,4133.539390725398,45748.8,52104.230976007355,43510.94095500419,39517.11444148762,46372.76556864655,38507.18274517871,914.9760000000001,1042.084619520147,870.2188191000838,0.11621527905677055,0.09,0.095,282.2979468022757,156.83219266793094,188.19863120151712
2026-03-12,Brand C,Sportsbook,5800.132099702757,5535.959121653004,5381.32592710776,54171.0,61510.6569072556,56645.53607481853,47287.447900297244,54744.48464745749,50131.29942621439,1083.42,1230.213138145112,1132.9107214963706,0.10707079617697213,0.09,0.095,118.87784012238868,66.04324451243815,79.25189341492577
2026-03-12,Brand C,Casino,5775.961488581979,5534.704069556222,5055.9503149904485,55486.0,61496.71188395802,53220.52963147841,48600.31851141802,54732.073576722636,47100.16872385839,1109.72,1229.9342376791606,1064.410592629568,0.10409763703604476,0.09,0.095,108.56583856159082,60.31435475643934,72.3772257077272
2026-03-12,Brand C,Games,6800.825102612185,6168.90650600548,6066.470787860399,61130.0,68543.40562228311,63857.587240635774,53106.574897387814,61003.63100383197,56513.96470796266,1222.6000000000001,1370.8681124456623,1277.1517448127156,0.11125184201884811,0.09,0.095,284.3633684730174,157.9796491516763,189.57557898201156
2026-03-13,Brand A,Sportsbook,5043.027139390554,4972.133732583104,5817.820021425445,61274.399999999994,55245.93036203449,61240.21075184678,55005.88486060944,49168.878022210694,54197.5865153844,1225.4879999999998,1104.9186072406899,1224.8042150369356,0.08230235040066577,0.09,0.095,31.9020330633527,17.72335170186261,21.268022042235135
2026-03-13,Brand A,Casino,6175.83493065421,5166.032638107732,6480.998749287241,65674.8,57400.36264564147,68221.03946618148,58185.469069345796,51086.32275462091,60375.61992757061,1313.496,1148.0072529128295,1364.4207893236296,0.09403660050208315,0.09,0.095,454.4110316459153,252.4505731366196,302.9406877639435
2026-03-13,Brand A,Games,7734.83448098674,5125.479484837509,6597.069335730655,68161.2,56949.77205375009,69442.83511295427,59063.141519013254,50685.297127837584,61456.909074964526,1363.224,1138.995441075002,1388.8567022590855,0.11347855496949497,0.09,0.095,1174.2097482671543,652.3387490373079,782.8064988447695
2026-03-13,Brand B,Sportsbook,4931.40783246501,4560.376718943807,4155.914064265699,45644.8,50670.85243270897,43746.46383437578,39800.49616753499,45097.058665110984,38715.62049342257,912.8960000000001,1013.4170486541794,874.9292766875157,0.1080387652583648,0.09,0.095,166.96400108454145,92.7577783803008,111.30933405636097
2026-03-13,Brand B,Casino,3868.216234366177,4620.813419958119,4447.511568741994,45050.4,51342.37133286799,46815.91124991573,40281.17576563382,45694.71048625251,41432.081456175416,901.008,1026.8474266573598,936.3182249983146,0.08586419286768102,0.09,0.095,-338.6687335163739,-188.1492963979855,-225.7791556775826
2026-03-13,Brand B,Games,4566.917508904718,5450.049213642378,5033.781176743728,51045.600000000006,60556.102373804206,52987.170281512925,45457.77049109529,53894.93111268574,46893.645699138935,1020.9120000000001,1211.1220474760842,1059.7434056302586,0.08946740774728315,0.09,0.095,-397.4092671319473,-220.78292618441515,-264.93951142129816
2026-03-13,Brand C,Sportsbook,5464.8267444205785,6202.108306470889,5600.323391141137,57494.0,68912.31451634322,58950.77253832776,50879.293255579425,61331.959919545465,52171.43369642006,1149.88,1378.2462903268645,1179.0154507665552,0.09505038342123663,0.09,0.095,-331.7767029226398,-184.32039051257766,-221.18446861509318
2026-03-13,Brand C,Casino,7560.169781336305,7220.016652041475,6556.662432757498,69870.0,80222.40724490528,69017.49929218419,60912.43021866369,71397.94244796569,61080.48687358301,1397.4,1604.4481448981055,1380.349985843684,0.10820337457186639,0.09,0.095,153.06890818267362,85.03828232370756,102.04593878844908
2026-03-13,Brand C,Games,6466.409685639414,6773.3509945903825,5917.084437562146,65485.0,75259.4554954487,62285.09934275944,57708.890314360586,66980.91539094935,55122.312918342104,1309.7,1505.189109908974,1245.7019868551888,0.09874642567976505,0.09,0.095,-138.12358902793562,-76.73532723774201,-92.08239268529042
2026-03-14,Brand A,Sportsbook,8122.3912550711275,5765.583079055424,7370.939757511818,75739.2,64062.03421172693,77588.83955275598,66102.02474492887,57015.21044843697,68666.12300418904,1514.7839999999999,1281.2406842345388,1551.7767910551195,0.10724157708387635,0.09,0.095,1060.5636792070668,589.202044003926,707.0424528047112
2026-03-14,Brand A,Casino,7096.64231409454,5839.878978247014,7281.59329212678,77619.59999999999,64887.5442027446,76648.35044343979,68970.56568590546,57749.914340442694,67833.79014244421,1552.3919999999998,1297.750884054892,1532.9670088687958,0.09142848345127443,0.09,0.095,565.5435011313867,314.1908339618815,377.02900075425777
2026-03-14,Brand A,Games,6835.756721437714,4761.196892750674,5756.936114055035,60987.6,52902.18769722972,60599.327516368794,52932.091278562286,47082.94705053445,53630.404851986386,1219.752,1058.0437539445943,1211.9865503273759,0.11208436996106937,0.09,0.095,933.551922909168,518.63995717176,622.367948606112
2026-03-14,Brand B,Sportsbook,5825.9540529854385,5427.123908223122,4567.234181412673,50377.600000000006,60301.37675803469,48076.14927802814,43544.09394701456,53668.22531465088,42547.392111054905,1007.5520000000001,1206.0275351606938,961.5229855605628,0.11564572454792285,0.09,0.095,179.4735651430423,99.70753619057905,119.64904342869485
2026-03-14,Brand B,Casino,5796.3636025719015,4863.850645237585,4661.196074126136,48802.4,54042.784947084285,49065.2218329067,42029.9883974281,48098.078602905014,43422.72132212243,976.048,1080.8556989416857,981.3044366581339,0.11877210142476397,0.09,0.095,419.6308308004424,233.12823933357913,279.75388720029497
2026-03-14,Brand B,Games,4828.422926019449,5286.970749728049,4856.30183580258,52608.8,58744.119441422765,51118.96669265874,46728.201073980556,52282.266302866265,45240.28552300298,1052.1760000000002,1174.8823888284553,1022.3793338531748,0.0917797578735772,0.09,0.095,-206.34652066886997,-114.63695592714998,-137.56434711257998
2026-03-14,Brand C,Sportsbook,8119.52894712134,7322.012853725896,6703.003385878036,69968.0,81355.69837473218,70557.93037766354,60449.11105287866,72406.57155351163,62443.76838423223,1399.3600000000001,1627.1139674946437,1411.1586075532707,0.11604632041963955,0.09,0.095,358.88224202794976,199.37902334886098,239.25482801863316
2026-03-14,Brand C,Casino,6602.981030125832,5798.708384493335,5670.215614264712,57114.0,64430.09316103706,59686.48015015486,49368.73896987417,57342.78291332298,52822.53493288704,1142.28,1288.6018632207413,1193.7296030030973,0.11561055135563666,0.09,0.095,361.92269053462377,201.0681614081243,241.28179368974915
2026-03-14,Brand C,Games,5364.314637626769,5169.0949965276095,4654.369881061428,50667.0,57434.38885030678,48993.36716906766,44289.345362373235,51116.60607677304,43359.129944624874,1013.34,1148.6877770061355,979.8673433813532,0.10587393446674895,0.09,0.095,87.84883849462163,48.80491027478979,58.56589232974775
2026-03-15,Brand A,Sportsbook,5357.463694229857,5110.078401054506,6175.196718466693,64462.799999999996,56778.64890060562,65002.07072070203,57816.080305770134,50532.99752153901,57526.8325878213,1289.2559999999999,1135.5729780121126,1300.0414144140407,0.08310938547859939,0.09,0.095,111.32338192890789,61.84632329383771,74.21558795260525
2026-03-15,Brand A,Casino,6675.208523927033,4940.827527771888,6375.064652506308,65802.0,54898.08364190986,67105.94371059272,57810.75147607297,48859.29444129978,59388.76018387456,1316.04,1097.9616728381973,1342.1188742118545,0.10144385465376482,0.09,0.095,780.4714482698154,433.5952490387863,520.3142988465435
2026-03-15,Brand A,Games,6890.921199803349,5983.002645559092,7280.695037775426,75859.2,66477.8071728788,76638.89513447817,67451.09480019666,59165.248383862134,67825.42219401318,1517.184,1329.5561434575761,1532.7779026895635,0.09083830570060519,0.09,0.095,408.5633494099154,226.97963856106412,272.37556627327695
2026-03-15,Brand B,Sportsbook,3988.8850955906723,4113.514740816752,4092.851348533574,41264.8,45705.71934240836,43082.64577403762,36450.618904409326,40678.09021474344,38128.1415100233,825.296,914.1143868481672,861.6529154807524,0.09666556230953917,0.09,0.095,-56.083340351735956,-31.157411306519975,-37.38889356782397
2026-03-15,Brand B,Casino,5143.208057655468,4582.523566066068,4131.05137434262,43843.200000000004,50916.92851184521,43484.75130886969,37823.12794234454,45316.066375542236,38484.00490834967,876.8640000000001,1018.3385702369043,869.6950261773937,0.11730913933416054,0.09,0.095,252.30802121522993,140.17112289734996,168.20534747681995
2026-03-15,Brand B,Games,4957.726137792569,4376.285662335743,4137.669266431971,44099.200000000004,48625.396248174926,43554.41333086285,38259.48986220744,43276.60266087568,38545.655797813626,881.9840000000002,972.5079249634986,871.0882666172571,0.11242213323127331,0.09,0.095,261.64821395557163,145.36011886420647,174.43214263704775
2026-03-15,Brand C,Sportsbook,6424.66465572409,6301.084361846629,5481.022215824785,58415.0,70012.04846496254,57694.97069289248,50822.03534427591,62310.72313381666,51060.049063209844,1168.3,1400.240969299251,1153.8994138578496,0.10998313199904289,0.09,0.095,55.61113224485762,30.895073469365343,37.07408816323841
2026-03-15,Brand C,Casino,5625.657972540778,6071.809635459372,5595.258569920238,56970.0,67464.55150510413,58897.45863073935,50204.94202745922,60043.450839542675,52124.25088820432,1139.4,1349.2910301020827,1177.949172614787,0.09874772639179881,0.09,0.095,-200.76824831336708,-111.53791572964838,-133.84549887557804
2026-03-15,Brand C,Games,4753.900478005765,5738.320578917133,5175.694418008938,57266.0,63759.11754352371,54480.99387377829,51366.779521994235,56745.6146137361,48215.67957829378,1145.32,1275.1823508704742,1089.6198774755658,0.0830143624140985,0.09,0.095,-442.98904541011586,-246.10502522784213,-295.32603027341054
2026-03-16,Brand A,Sportsbook,9027.740054652937,5738.136631095981,7512.529095744413,75315.59999999999,63757.07367884424,79079.25363941488,64781.547945347054,56743.795574171374,69985.13947088218,1506.312,1275.1414735768847,1581.5850727882976,0.11986547348295622,0.09,0.095,1480.3215406006302,822.400855889239,986.8810270670867
2026-03-16,Brand A,Casino,8978.468019425682,6324.607187464786,7909.102745015401,81412.8,70273.41319405318,83253.71310542527,70806.07598057433,62543.33774270733,73679.53609830135,1628.256,1405.4682638810636,1665.0742621085053,0.11028324808169823,0.09,0.095,1194.237374382403,663.4652079902239,796.1582495882686
2026-03-16,Brand A,Games,6857.641509199712,6096.6073134595445,7020.6142625690945,76147.2,67740.08126066161,73901.2027638852,67766.61449080028,60288.67232198884,65402.5644460384,1522.944,1354.8016252132322,1478.024055277704,0.09005769758047194,0.09,0.095,342.46538808307554,190.25854893504197,228.31025872205035
2026-03-16,Brand B,Sportsbook,5919.828536600209,5414.435821788773,5292.477411587689,53680.0,60160.398019875254,55710.288543028306,46686.57146339979,53542.754237688976,49303.605360580055,1073.6,1203.207960397505,1114.2057708605662,0.11027996528688915,0.09,0.095,227.42672166514632,126.34817870285906,151.61781444343086
2026-03-16,Brand B,Casino,4270.383555373983,4334.120750284632,3865.8584591823274,42735.200000000004,48156.8972253848,40693.24693876134,37610.11244462602,42859.63853059247,36013.52354080378,854.7040000000001,963.1379445076959,813.8649387752267,0.09992660746583572,0.09,0.095,-28.681737709792106,-15.93429872766228,-19.121158473194736
2026-03-16,Brand B,Games,5439.635002248155,5141.563840985058,4498.956882542546,48285.600000000006,57128.487122056205,47357.44086886891,41880.25299775185,50844.35353863002,41911.33516894899,965.7120000000001,1142.5697424411242,947.1488173773781,0.1126554294085225,0.09,0.095,134.1320225683935,74.51779031577416,89.421348378929
2026-03-16,Brand C,Sportsbook,5617.131736967669,6079.238305766083,5759.629030403932,58427.0,67547.09228628982,60627.674004251916,51641.32826303233,60116.91213479793,53655.491493762944,1168.54,1350.9418457257964,1212.5534800850382,0.09613931464849589,0.09,0.095,-207.9479559592862,-115.52664219960343,-138.6319706395241
2026-03-16,Brand C,Casino,7252.8072133822825,6868.527332719774,6741.53238427198,69198.0,76316.97036355305,70963.49878181031,60561.232786617715,67922.1036235622,62802.696421902125,1383.96,1526.339407271061,1419.2699756362063,0.10481238205413859,0.09,0.095,172.92594629812893,96.06997016562718,115.28396419875261
2026-03-16,Brand C,Games,5723.74635725981,5808.754863965574,5403.329039394758,54673.0,64541.72071072861,56877.147783102715,47855.793642740195,57442.13143254846,50336.2757880459,1093.46,1290.8344142145722,1137.5429556620543,0.10469054848389168,0.09,0.095,-38.25382801759397,-21.252126676441094,-25.50255201172931
2026-03-17,Brand A,Sportsbook,6531.515209407257,5412.185024055169,6542.740530584152,68257.2,60135.38915616855,68870.9529535174,60360.54079059274,53520.49634899001,60950.79336386289,1365.144,1202.707783123371,1377.4190590703479,0.09568976180398929,0.09,0.095,503.69858340843956,279.832546338022,335.7990556056264
2026-03-17,Brand A,Casino,8044.846283718312,5730.0190490914765,6873.428141942183,72250.8,63666.87832323863,72351.87517833877,62760.93771628169,56663.521707682376,64031.40953282981,1445.016,1273.3375664647726,1447.0375035667755,0.11134612050964574,0.09,0.095,1041.672255582076,578.706808656709,694.4481703880507
2026-03-17,Brand A,Games,7735.341999109563,5077.225933862895,6454.320511884673,65564.4,56413.6214873655,67940.2159145755,56517.77000089043,50208.12312375529,60127.09108439931,1311.288,1128.27242974731,1358.80431829151,0.11798082494630568,0.09,0.095,1196.152229361001,664.5290163116672,797.4348195740006
2026-03-17,Brand B,Sportsbook,5054.315990971335,4706.46374375285,4483.573796460532,45634.4,52294.04159725389,47195.513646952975,39667.396009028664,46541.69702155596,41768.02957755339,912.6880000000001,1045.8808319450777,943.9102729390595,0.1107567096526159,0.09,0.095,156.53351124831826,86.96306180462125,104.3556741655455
2026-03-17,Brand B,Casino,4036.304071027603,4671.982687735891,4113.425264967027,43331.200000000004,51910.918752621015,43299.21331544239,38428.2719289724,46200.7176898327,38319.80378416651,866.6240000000001,1038.2183750524202,865.9842663088477,0.09315006441150032,0.09,0.095,-286.05537751872953,-158.91965417707195,-190.70358501248634
2026-03-17,Brand B,Games,4369.614161942971,4486.993921248481,4025.3646913386624,43054.4,49855.488013872004,42372.259908828026,37823.69783805703,44371.38433234608,37499.450019312804,861.0880000000001,997.10976027744,847.4451981765606,0.10149053666856281,0.09,0.095,-52.820891687479346,-29.344939826377413,-35.21392779165289
2026-03-17,Brand C,Sportsbook,6188.449414060761,5979.477025585656,5393.931213870544,57350.0,66438.6336176184,56778.22330390046,50014.550585939236,59130.383919680375,50248.727623951905,1147.0,1328.772672352368,1135.5644660780092,0.10790670294787727,0.09,0.095,94.03757481379753,52.243097118776404,62.69171654253168
2026-03-17,Brand C,Casino,7202.694999652586,6594.756546192551,5898.8904809106325,62647.0,73275.07273547279,62093.584009585604,54191.36500034741,65214.81473457078,54952.82184848326,1252.94,1465.5014547094559,1241.8716801917121,0.11497270419417668,0.09,0.095,273.57230405701614,151.98461336500895,182.38153603801075
2026-03-17,Brand C,Games,4442.980617078405,5320.336323419157,4655.548706645866,50666.0,59114.84803799064,49005.77585943017,45209.69938292159,52612.21475381167,43370.1116355957,1013.32,1182.296960759813,980.1155171886035,0.08769156075234684,0.09,0.095,-394.81006785333864,-219.33892658518812,-263.2067119022257
2026-03-18,Brand A,Sportsbook,7693.98021654543,5985.597394148764,6833.897901745432,75469.2,66506.63771276404,71935.76738679402,66265.83578345456,59190.90756436,63663.154137312704,1509.384,1330.1327542552808,1438.7153477358804,0.10194861236829635,0.09,0.095,768.7722700785,427.09570559916665,512.5148467189999
2026-03-18,Brand A,Casino,5760.495345721955,5361.582041015708,6680.222073508437,67651.2,59573.13378906342,70318.12708956249,60537.68065427805,53020.08907226644,62231.54247426281,1353.024,1191.4626757812684,1406.36254179125,0.08514993593198576,0.09,0.095,179.5109871178115,99.72832617656195,119.67399141187434
2026-03-18,Brand A,Games,7636.846427926356,6116.982178150182,7012.094873685186,76948.8,67966.46864611314,73811.52498615986,67772.97757207365,60490.15709504069,65323.19961275147,1538.976,1359.3293729222628,1476.2304997231972,0.09924581576225174,0.09,0.095,683.9389123992783,379.9660624440435,455.95927493285217
2026-03-18,Brand B,Sportsbook,5650.4159753391905,4823.464167060517,4766.0660090797655,48362.4,53594.04630067242,50169.11588505016,41744.73602466081,47698.701207598446,44399.667558269386,967.248,1071.8809260134483,1003.3823177010032,0.11683489602127253,0.09,0.095,372.1283137254031,206.73795206966838,248.08554248360204
2026-03-18,Brand B,Casino,4786.984686942826,4419.525629836431,4263.50232526889,43545.600000000006,49105.8403315159,44878.97184493568,37887.70331305718,43704.19789504915,39717.89008276808,870.9120000000001,982.116806630318,897.5794368987137,0.10993038761534633,0.09,0.095,165.35657569787756,91.86476427659863,110.23771713191836
2026-03-18,Brand B,Games,6330.901293478686,5839.129068050511,5160.975495617022,54128.0,64879.211867227896,54326.05784860023,46714.538706521314,57742.49856183283,48078.5611960112,1082.56,1297.584237344558,1086.5211569720045,0.11696167036429733,0.09,0.095,221.29750144267888,122.94305635704382,147.53166762845257
2026-03-18,Brand C,Sportsbook,5783.7060370876015,6139.7015887795,5504.993520658874,58717.0,68218.90654199444,57947.30021746183,51758.953962912405,60714.82682237505,51283.36069245372,1174.34,1364.3781308398889,1158.9460043492365,0.09850138864532591,0.09,0.095,-160.19799826135414,-88.99888792297452,-106.79866550756942
2026-03-18,Brand C,Casino,5695.25154997428,6645.502451384104,6117.689244612289,66748.0,73838.91612649005,64396.72889065568,59717.78845002572,65716.63535257614,56991.10506823028,1334.96,1476.778322529801,1287.9345778131135,0.08532467714349913,0.09,0.095,-427.61290563442043,-237.5627253524558,-285.07527042294697
2026-03-18,Brand C,Games,5583.00638139179,5901.188321762945,5242.704997660847,55122.0,65568.75913069939,55186.36839642997,48436.55361860821,58356.19562632246,48839.93603084052,1102.44,1311.3751826139878,1103.7273679285995,0.10128453941061263,0.09,0.095,-143.18187316701983,-79.5454850927888,-95.45458211134655
2026-03-19,Brand A,Sportsbook,6693.495094292519,5294.060999163793,6534.883789520504,69806.4,58822.899990708815,68788.2504160053,61716.77690570748,52352.380991730846,60877.60161816469,1396.128,1176.4579998141762,1375.765008320106,0.0958865533001633,0.09,0.095,629.7453428079267,349.85852378218146,419.83022853861775
2026-03-19,Brand A,Casino,6157.46790107899,6085.878048283298,7150.503808789814,76203.59999999999,67620.86720314776,75268.46114515593,68522.060098921,60182.57181080151,66612.588113463,1524.072,1352.4173440629552,1505.3692229031187,0.08080284791110906,0.09,0.095,32.21543375806118,17.89746319892288,21.476955838707454
2026-03-19,Brand A,Games,8319.145879492857,6235.166648626091,7472.90529018262,82032.0,69279.62942917879,78662.16094929073,72072.21412050714,61658.87019196912,69616.0124401223,1640.64,1385.592588583576,1573.2432189858146,0.10141342256062094,0.09,0.095,937.7906538900446,520.9948077166914,625.1937692600296
2026-03-19,Brand B,Sportsbook,4683.670972784057,4677.14366208995,4190.891886211492,43705.600000000006,51968.262912110564,44114.651433805186,38147.81702721595,46251.7539917784,39041.46651891759,874.1120000000001,1039.3652582422112,882.2930286761037,0.10716409276577958,0.09,0.095,2.9372898123480353,1.6318276735266863,1.9581932082320235
2026-03-19,Brand B,Casino,4817.609394575299,4886.187271413888,4418.5677550383925,46606.4,54290.96968237654,46511.239526719924,40856.6626054247,48318.96301731512,41162.446981147135,932.128,1085.819393647531,930.2247905343985,0.10336797938856677,0.09,0.095,-30.860044577365034,-17.14446920964724,-20.57336305157669
2026-03-19,Brand B,Games,5282.292221556478,5356.51424580214,4934.377515391957,51495.200000000004,59516.824953357114,51940.81595149428,45183.003778443526,52969.97420848784,45967.62211707244,1029.904,1190.3364990671423,1038.8163190298856,0.10257834170090566,0.09,0.095,-33.39991091054808,-18.5555060614156,-22.266607273698718
2026-03-19,Brand C,Sportsbook,6976.013725115594,6693.727691510203,6176.000762323971,65913.0,74374.75212789114,65010.53434025232,57618.7262748844,66193.52939382312,57534.3228911233,1318.26,1487.495042557823,1300.2106868050464,0.10583668965326405,0.09,0.095,127.02871512242591,70.57150840134773,84.68581008161728
2026-03-19,Brand C,Casino,4824.846709583256,5238.170673120054,4916.433341339411,51761.0,58201.8963680006,51751.9299088359,45900.933290416746,51799.68776752053,45800.45796931977,1035.22,1164.037927360012,1035.0385981767179,0.09321393925123655,0.09,0.095,-185.99578359155916,-103.33099088419954,-123.99718906103944
2026-03-19,Brand C,Games,6094.990244980742,6778.703970652129,6221.441466668807,67844.0,75318.93300724588,65488.85754388218,60392.12975501926,67033.85037644883,57957.63892633573,1356.88,1506.3786601449176,1309.7771508776436,0.08983830913538032,0.09,0.095,-307.67117655212405,-170.9284314178467,-205.11411770141603
2026-03-20,Brand A,Sportsbook,6427.5872316909945,5948.387906400015,6872.935382367567,73935.59999999999,66093.19896000017,72346.68823544808,66029.300768309,58822.94707440015,64026.81908837154,1478.7119999999998,1321.8639792000033,1446.9337647089615,0.08693494381179019,0.09,0.095,215.63969638094088,119.79983132274492,143.7597975872939
2026-03-20,Brand A,Casino,8161.566353104964,6161.050112113834,6840.99311651911,75655.2,68456.11235682038,72010.45385809589,65980.52964689503,60925.93999757013,63729.25166441486,1513.104,1369.1222471364076,1440.2090771619178,0.10787845849465687,0.09,0.095,900.2323084460085,500.1290602477825,600.154872297339
2026-03-20,Brand A,Games,8425.361605504335,5745.10947649259,6669.822422393198,70933.2,63834.549738806556,70208.65707782314,61089.17439449566,56812.74926753784,62134.66151387348,1418.664,1276.6909947761312,1404.1731415564627,0.11877881733101475,0.09,0.095,1206.1134580552853,670.0630322529362,804.0756387035234
2026-03-20,Brand B,Sportsbook,5126.625204381934,5072.954591996665,4467.475213031894,47069.600000000006,56366.162133296275,47026.05487401994,41001.58279561807,50165.88429863369,41618.05856350764,941.3920000000002,1127.3232426659256,940.5210974803988,0.10891584386487103,0.09,0.095,24.151775573371108,13.41765309631728,16.101183715580735
2026-03-20,Brand B,Casino,4403.231313218031,4687.757898967288,4237.354470326356,44448.0,52086.19887741432,44603.73126659322,39155.80868678197,46356.71700089874,39474.302170935,888.96,1041.7239775482863,892.0746253318644,0.09906477936505648,0.09,0.095,-128.03696358716599,-71.13164643731443,-85.35797572477732
2026-03-20,Brand B,Games,3974.526613755763,4865.90872997828,4382.177294008486,45175.200000000004,54065.65255531422,46128.18204219459,40297.16938624424,48118.43077422966,40823.44110734221,903.5040000000001,1081.3130511062843,922.5636408438918,0.08798027709353279,0.09,0.095,-401.12195230013253,-222.84552905562919,-267.414634866755
2026-03-20,Brand C,Sportsbook,6559.861617845636,6356.132432825247,5737.947127686274,62819.0,70623.6936980583,60399.4434493292,55002.75838215437,62855.08739127189,53453.50745265634,1256.38,1412.473873961166,1207.988868986584,0.1044248016976653,0.09,0.095,91.67813325917514,50.9322962550973,61.118755506116756
2026-03-20,Brand C,Casino,7342.584877027195,6247.277786462138,5951.295428760001,62607.0,69414.19762735709,62645.215039578965,54012.2751229728,61778.63588834781,55441.01531002738,1252.14,1388.2839525471418,1252.9043007915793,0.11728057369027736,0.09,0.095,492.88819075427585,273.82677264126437,328.59212716951725
2026-03-20,Brand C,Games,5326.336184228606,5914.972859240249,5171.223537306147,56988.0,65721.92065822499,54433.931971643644,50521.903815771395,58492.509385820245,48174.02979490462,1139.76,1314.4384131645,1088.6786394328728,0.09346417112775682,0.09,0.095,-264.8865037552394,-147.15916875291077,-176.59100250349292
2026-03-21,Brand A,Sportsbook,5285.104257152292,4676.731847863752,5728.916547931853,60010.799999999996,51963.687198486135,60304.384715072134,53525.4797428477,46247.68160665266,53369.380472838835,1200.216,1039.2737439697228,1206.0876943014428,0.08806921849320944,0.09,0.095,273.7675841798432,152.0931023221351,182.51172278656213
2026-03-21,Brand A,Casino,7116.10756817253,5055.935206911424,6148.0749238311355,66344.4,56177.05785457138,64716.578145590895,57901.40443182747,49997.581490568526,57274.17165884795,1326.888,1123.5411570914275,1294.3315629118179,0.10726010888895718,0.09,0.095,927.0775625674977,515.0430903152765,618.0517083783317
2026-03-21,Brand A,Games,8658.429494359723,6724.415201124929,7869.450458200888,83059.2,74715.72445694366,82836.32061264092,72739.58650564028,66496.99476667985,73310.14374218723,1661.184,1494.3144891388731,1656.7264122528184,0.10424407524223354,0.09,0.095,870.3064319556576,483.5035733086986,580.2042879704383
2026-03-21,Brand B,Sportsbook,4845.1146279221,4370.766937757171,4239.853905836204,42792.0,48564.07708619079,44630.0411140653,37091.045372077904,43222.0286067098,39497.58638594779,855.84,971.2815417238157,892.600822281306,0.11322477631150916,0.09,0.095,213.45646057421814,118.5869225412323,142.30430704947875
2026-03-21,Brand B,Casino,4807.978951994784,4126.369798408578,3983.1496928858237,40188.0,45848.55331565087,41927.8915040613,34576.26104800522,40805.21245092927,37106.18398109425,803.76,916.9710663130173,838.557830081226,0.11963717905829563,0.09,0.095,306.7241191137927,170.4022883965515,204.4827460758618
2026-03-21,Brand B,Games,6010.939914761678,5654.75743948044,5469.135657027211,55215.200000000004,62830.63821644933,57569.84902133906,48099.95608523833,55919.26801263991,50949.31638388507,1104.304,1256.6127643289867,1151.3969804267813,0.10886386203005109,0.09,0.095,160.28211387655716,89.04561882030953,106.85474258437144
2026-03-21,Brand C,Sportsbook,6155.733327701762,5932.68765091626,5489.656895495445,55951.0,65918.75167684734,57785.86205784678,48676.24667229824,58667.688992394134,51140.487921194406,1119.02,1318.3750335369468,1155.7172411569356,0.11002007699061254,0.09,0.095,100.37055455347596,55.76141919637553,66.91370303565063
2026-03-21,Brand C,Casino,6612.853555702871,6967.24374571597,6327.61163554453,65524.0,77413.81939684412,66606.43826888979,57600.66644429712,68898.29926319126,58946.697867967465,1310.48,1548.2763879368824,1332.1287653777958,0.10092261699076477,0.09,0.095,-159.4755855058948,-88.59754750327488,-106.31705700392986
2026-03-21,Brand C,Games,7546.683874142565,7160.2416092324265,6295.037659218179,66984.0,79558.24010258252,66263.55430755978,58097.63612585743,70806.83369129845,58643.24556219041,1339.68,1591.1648020516504,1325.2710861511957,0.1126639775788631,0.09,0.095,173.8990192095625,96.61056622753472,115.93267947304166
2026-03-22,Brand A,Sportsbook,7495.693578924535,5486.767425270046,7055.279990230445,71412.0,60964.082503000514,74266.10516032047,62488.06642107547,54258.03342767046,65725.50306688363,1428.24,1219.2816500600104,1485.3221032064093,0.1049640617672735,0.09,0.095,904.0167691445201,502.2315384136223,602.6778460963467
2026-03-22,Brand A,Casino,5998.473385204772,5146.81055892351,6383.912200835886,67180.8,57186.783988039,67199.07579827249,59838.71061479523,50896.23774935471,59471.18208147116,1343.616,1143.7356797607802,1343.9815159654497,0.08928850780587269,0.09,0.095,383.2482718265679,212.91570657031548,255.49884788437856
2026-03-22,Brand A,Games,5083.68462104662,4858.704026795066,5860.884006157278,61497.6,53985.60029772296,61693.515854287136,55183.963378953384,48047.18426497343,54598.76153104412,1229.952,1079.712005954459,1233.8703170857427,0.08266476449563268,0.09,0.095,101.24126741319934,56.24514856288852,67.49417827546621
2026-03-22,Brand B,Sportsbook,4032.4493799494585,4489.355765237149,4077.2577829931774,43214.4,49881.73072485722,42918.50297887555,38317.66262005054,44394.74034512292,37982.875136304865,864.288,997.6346144971444,858.370059577511,0.09331263143649937,0.09,0.095,-205.6078733794608,-114.22659632192267,-137.0719155863072
2026-03-22,Brand B,Casino,6042.783566144712,5515.78270227994,4951.246801503011,54068.8,61286.47446977712,52118.38738424222,46944.6404338553,54544.96227810164,46124.77283505436,1081.376,1225.7294893955423,1042.3677476848443,0.11176100757081184,0.09,0.095,237.15038873914713,131.75021596619285,158.10025915943143
2026-03-22,Brand B,Games,4593.630066507879,4617.408191542736,4342.264721960751,44630.4,51304.53546158596,45708.049704850004,39144.16193349212,45661.0365608115,40451.62398879225,892.6080000000001,1026.0907092317193,914.1609940970001,0.10292603397029555,0.09,0.095,-10.7001562656857,-5.944531258714278,-7.133437510457133
2026-03-22,Brand C,Sportsbook,6168.774924863783,6883.8396898599885,6393.18073526663,68588.0,76487.10766511099,67296.6393185961,61047.46507513621,68073.52582194879,59557.525796957554,1371.76,1529.7421533022198,1345.9327863719222,0.08993956559257862,0.09,0.095,-321.77914424829254,-178.76619124905142,-214.51942949886168
2026-03-22,Brand C,Casino,7309.9516364977935,6752.8024180102875,6207.73515354649,67334.0,75031.13797789208,65344.580563647265,58677.36836350221,66777.71280032395,57829.95379882783,1346.68,1500.6227595578416,1306.8916112729453,0.10856256328894456,0.09,0.095,250.7171483193777,139.2873046218765,167.1447655462518
2026-03-22,Brand C,Games,6162.980156909919,5837.525324593494,5106.209800378295,54612.0,64861.39249548327,53749.576846087315,47356.77984309008,57726.63932098011,47568.37550878727,1092.24,1297.2278499096653,1074.9915369217463,0.11285029218688052,0.09,0.095,146.45467454239142,81.36370807910635,97.6364496949276
2026-03-23,Brand A,Sportsbook,6770.711828870893,5313.841218012741,6493.100384955235,67645.2,59042.68020014156,68348.42510479195,59521.5841711291,52547.98537812599,60488.356217740875,1352.904,1180.8536040028314,1366.968502095839,0.1000915338985012,0.09,0.095,655.5917748861688,364.2176527145382,437.0611832574458
2026-03-23,Brand A,Casino,6218.383593695056,6094.559836614471,7539.097084693589,77258.4,67717.33151793857,79358.91668098514,69494.84840630493,60268.42505096533,70232.64126267185,1545.168,1354.3466303587713,1587.178333619703,0.08048812289272178,0.09,0.095,55.72069068626325,30.955939270146246,37.14712712417549
2026-03-23,Brand A,Games,5693.340654185511,4864.73155497073,6030.491327549359,63208.799999999996,54052.57283300811,63478.85607946694,56251.28334581448,48106.78982137722,56178.78763032824,1264.176,1081.0514566601623,1269.5771215893387,0.09007196235627811,0.09,0.095,372.8740946466515,207.15227480369526,248.5827297644343
2026-03-23,Brand B,Sportsbook,3906.6558139877434,4437.831223512706,4142.647079150591,41692.8,49309.23581680784,43606.81135947991,36952.28818601226,43885.219876958974,38592.028053139715,833.8560000000001,986.1847163361568,872.1362271895981,0.09370097028714174,0.09,0.095,-239.02893428623315,-132.79385238124064,-159.35262285748877
2026-03-23,Brand B,Casino,5790.5393664686935,5039.842135932268,4648.443254480175,49117.600000000006,55998.24595480298,48930.9816261071,42344.708633531314,49838.43889977465,43303.91873910479,982.3520000000001,1119.9649190960597,978.6196325221421,0.11789133358447262,0.09,0.095,337.81375374139134,187.6743076341063,225.20916916092756
2026-03-23,Brand B,Games,3525.5030837107884,4497.7915863140515,3841.831696327779,41954.4,49975.46207015613,40440.33364555557,37589.80891628921,44478.16124243895,35789.695276316685,839.0880000000001,999.5092414031226,808.8066729111114,0.08403178412063546,0.09,0.095,-437.5298261714684,-243.0721256508158,-291.68655078097896
2026-03-23,Brand C,Sportsbook,7661.976926323578,6478.119918797831,6437.106051873283,65328.0,71979.11020886479,67759.01107235035,56359.46307367642,64061.408085889656,59966.72479903005,1306.56,1439.5822041772958,1355.180221447007,0.1172847312993445,0.09,0.095,532.735653386586,295.96425188143667,355.157102257724
2026-03-23,Brand C,Casino,4406.224154131666,5840.89096218858,5322.9012864724145,54451.0,64898.788468762,56030.53985760436,48955.755845868334,57759.92173719819,49587.027773979855,1089.02,1297.9757693752401,1120.6107971520871,0.08092090419150551,0.09,0.095,-645.600063625611,-358.66670201422835,-430.400042417074
2026-03-23,Brand C,Games,5226.567936599481,5031.289548586083,4798.298288246355,50126.0,55903.21720651203,50508.40303417216,43896.91206340052,49753.86331379571,44699.93668524236,1002.52,1118.0643441302407,1010.1680606834432,0.10426860185531424,0.09,0.095,87.87527460602928,48.8195970033496,58.58351640401952
2026-03-24,Brand A,Sportsbook,7991.021174180821,5562.887802194058,6742.322351174576,68635.2,61809.864468822874,70971.81422289027,59271.474825819176,55010.779377252366,62810.05558725789,1372.704,1236.1972893764575,1419.4362844578054,0.11642744793022852,0.09,0.095,1092.6600173940433,607.0333429966906,728.4400115960287
2026-03-24,Brand A,Casino,7057.546065273975,5033.218920468852,6190.552207293891,62150.399999999994,55924.65467187614,65163.70744519885,53849.84593472602,49772.94265796976,57669.881089000985,1243.0079999999998,1118.4930934375227,1303.274148903977,0.11355592345783737,0.09,0.095,910.9472151623053,506.0817862012807,607.2981434415368
2026-03-24,Brand A,Games,8392.445995072761,6288.74375972681,8205.902241268459,83296.8,69874.93066363122,86377.91832914167,73238.41800492724,62188.68829063179,76444.45772129038,1665.9360000000001,1397.4986132726244,1727.5583665828335,0.10075352228504289,0.09,0.095,946.6660059056782,525.9255588364879,631.1106706037855
2026-03-24,Brand B,Sportsbook,3720.0544172756195,4318.4192022036395,4103.649720935106,42166.4,47982.435580040445,43196.31285194849,37603.01758272438,42704.367666236,38228.73687397441,843.3280000000001,959.648711600809,863.9262570389698,0.0882231923350255,0.09,0.095,-269.264153217609,-149.59119623200502,-179.509435478406
2026-03-24,Brand B,Casino,4332.51237649185,4473.198039533385,4219.216222201164,45164.8,49702.20043925983,44412.80233895962,39928.99162350815,44234.958390941254,39305.33006997927,903.296,994.0440087851966,888.2560467791924,0.09592674774363774,0.09,0.095,-63.30854836869076,-35.17141576038375,-42.2056989124605
2026-03-24,Brand B,Games,5280.148869938399,5716.127764582698,5301.034190210854,53536.0,63512.530717585534,55800.35989695636,47185.1311300616,56526.152338651125,49383.31850880638,1070.72,1270.2506143517107,1116.0071979391273,0.09862800489275253,0.09,0.095,-196.1905025899344,-108.99472366107466,-130.79366839328958
2026-03-24,Brand C,Sportsbook,5220.346661703879,6197.3302339944585,5546.639768342294,58666.0,68859.22482216066,58385.681772024145,52272.33333829612,61284.71009172298,51671.328368241375,1173.32,1377.1844964432132,1167.713635440483,0.08898419291759928,0.09,0.095,-439.6426075307606,-244.24589307264478,-293.09507168717374
2026-03-24,Brand C,Casino,5667.800245934657,5893.701756515357,5090.762679955633,54971.0,65485.57507239286,53586.97557848034,48203.77975406534,58282.161814429644,47424.473386955106,1099.42,1309.7115014478572,1071.7395115696067,0.10310527816366188,0.09,0.095,-101.65567976131511,-56.47537764517506,-67.77045317421006
2026-03-24,Brand C,Games,5225.520809090028,5683.096425889368,5471.340353090066,55299.0,63145.5158432152,57593.05634831648,48967.49919090997,56199.50910046153,50969.85486826008,1105.98,1262.9103168643041,1151.8611269663297,0.09449575596466532,0.09,0.095,-205.9090275597032,-114.3939041998351,-137.27268503980213
2026-03-25,Brand A,Sportsbook,6610.721535722392,5270.681605662295,6062.944783473166,65708.4,58563.12895180327,63820.47140498069,57783.510464277606,52121.18476710491,56481.11719340791,1314.168,1171.2625790360655,1276.409428099614,0.10060694729627251,0.09,0.095,603.0179685270439,335.0099825150244,402.01197901802925
2026-03-25,Brand A,Casino,6368.117176994765,4961.05435592441,6043.5518240158035,65932.8,55122.82617693789,63616.33498964004,58246.02682300523,49059.31529747472,56300.456465831434,1318.6560000000002,1102.456523538758,1272.3266997928008,0.09658496494908095,0.09,0.095,633.1782694816599,351.7657052675888,422.11884632110656
2026-03-25,Brand A,Games,6643.304681966884,5785.640378436073,6693.539510603162,71899.2,64284.89309373414,70458.31063792802,63817.91131803312,57213.55485342339,62355.6049145663,1437.984,1285.697861874683,1409.1662127585605,0.09239747705074444,0.09,0.095,385.94893658886525,214.4160758827029,257.29929105924344
2026-03-25,Brand B,Sportsbook,5488.312028908508,5006.695756310596,4367.278614077923,47344.8,55629.95284789551,45971.35383239919,40909.5919710915,49510.658034627006,40684.648141673286,946.8960000000001,1112.5990569579103,919.4270766479838,0.11592217157762855,0.09,0.095,216.7273226690604,120.40406814947801,144.4848817793736
2026-03-25,Brand B,Casino,3962.546867735571,4300.229126832471,4007.469545665202,41663.200000000004,47780.323631471896,42183.88995437055,36867.38913226443,42524.48803200999,37332.74260961793,833.2640000000001,955.6064726294379,843.677799087411,0.09510903789760677,0.09,0.095,-151.9570165936048,-84.42056477422489,-101.30467772906987
2026-03-25,Brand B,Games,5090.184423693048,4772.10679335658,4166.474491540515,45848.8,53023.40881507311,43857.626226742264,39841.63957630695,47190.83384541507,38813.9992106669,916.9760000000001,1060.4681763014623,877.1525245348453,0.11102110466780042,0.09,0.095,143.1349336514107,79.51940758411706,95.42328910094047
2026-03-25,Brand C,Sportsbook,6503.8247043852825,6799.075797125777,6247.181307587696,65534.0,75545.28663473086,65759.80323776523,57719.49529561472,67235.30510491047,58197.42586542222,1310.68,1510.9057326946172,1315.1960647553046,0.09924351793550344,0.09,0.095,-132.8629917332226,-73.81277318512366,-88.5753278221484
2026-03-25,Brand C,Casino,5366.23404414007,6396.700371934372,5639.698241949973,61485.0,71074.44857704858,59365.24465210498,54889.06595585993,63256.25923357323,52538.2415171129,1229.7,1421.4889715409715,1187.3048930420996,0.08727712521981085,0.09,0.095,-463.7098475074358,-257.61658194857546,-309.13989833829055
2026-03-25,Brand C,Games,5662.510576524617,6702.702571263015,5847.457569257367,62342.0,74474.4730140335,61552.18493955123,55432.649423475385,66282.28098248981,54473.68367150285,1246.84,1489.48946028067,1231.0436987910248,0.09082978692574215,0.09,0.095,-468.08639763227893,-260.0479986845994,-312.0575984215193
2026-03-26,Brand A,Sportsbook,8592.620484502557,5630.503465336653,7056.633698604237,72111.59999999999,62561.149614851696,74280.35472214986,62076.74751549744,55679.42315721801,65738.11392910263,1442.2319999999997,1251.222992297034,1485.6070944429973,0.11915725742463845,0.09,0.095,1332.9526586246568,740.529254791476,888.6351057497711
2026-03-26,Brand A,Casino,7449.401645873701,6470.0379190947215,7585.89683229334,83815.2,71889.31021216357,79851.54560308778,74689.49435412629,63981.486088825586,70668.61785873269,1676.304,1437.7862042432714,1597.0309120617558,0.08887888647731798,0.09,0.095,440.713677050541,244.840931694745,293.809118033694
2026-03-26,Brand A,Games,8008.73635919225,6202.027380547022,7333.667071593196,77154.0,68911.41533941137,77196.49549045469,67602.18364080775,61331.159652076116,68318.8985090524,1543.08,1378.2283067882274,1543.929909809094,0.10380195918801682,0.09,0.095,813.0190403903526,451.677244661307,542.0126935935683
2026-03-26,Brand B,Sportsbook,5702.020932156542,5805.509734994467,5501.97189859905,55755.200000000004,64505.66372216075,57915.493669463685,48938.07506784346,57410.040712723065,51255.21189747536,1115.104,1290.113274443215,1158.3098733892737,0.10226886339133465,0.09,0.095,-46.569961277066476,-25.872200709481376,-31.04664085137765
2026-03-26,Brand B,Casino,5538.179846167153,5080.658303121662,4707.608507525207,50860.0,56451.75892357403,49553.773763423225,44304.620153832846,50242.065441980885,43855.089780629554,1017.2,1129.0351784714805,991.0754752684645,0.10889067727422637,0.09,0.095,205.88469437047092,114.38038576137274,137.25646291364728
2026-03-26,Brand B,Games,5562.338513998114,5549.234356488061,4900.416234260457,52119.200000000004,61658.15951653401,51583.328781689015,45514.477486001895,54875.76196971528,45651.24597179478,1042.384,1233.1631903306802,1031.6665756337802,0.10672340546282585,0.09,0.095,5.896870879523658,3.2760393775131433,3.931247253015772
2026-03-26,Brand C,Sportsbook,6853.799088938248,6631.668299485976,5926.301501866783,65070.0,73685.20332762196,62382.12107228192,56914.80091106175,65579.83096158355,55208.1771489695,1301.4,1473.7040665524391,1247.6424214456385,0.10532963099643843,0.09,0.095,99.9588552535226,55.53269736306811,66.63923683568173
2026-03-26,Brand C,Casino,5761.7817859939805,6660.712306798223,5976.031757618862,66032.0,74007.91451998026,62905.5974486196,58949.57821400602,65867.04392278244,55671.453742028345,1320.64,1480.1582903996052,1258.111948972392,0.0872574174035919,0.09,0.095,-404.5187343619091,-224.7326302010606,-269.6791562412727
2026-03-26,Brand C,Games,7434.781529683211,6691.550252101584,6190.331064316195,63859.0,74350.55835668427,65161.379624381,55147.03847031679,66171.996937449,57667.82096757718,1277.18,1487.0111671336854,1303.22759248762,0.11642496014161216,0.09,0.095,334.4540749117322,185.8078193954068,222.96938327448814
2026-03-27,Brand A,Sportsbook,8700.655655390457,6712.265547772213,7881.516714861509,83973.59999999999,74580.72830858015,82963.33384064746,73593.47234460954,66376.84819463633,73422.550448973,1679.4719999999998,1491.614566171603,1659.2666768129493,0.10361179770059231,0.09,0.095,894.7755484282101,497.09752690456116,596.5170322854734
2026-03-27,Brand A,Casino,8322.40960415533,6312.2143893437715,7674.884907915715,81526.8,70135.71543715302,80788.26218858648,71573.85439584468,62420.786739066185,71497.61203689904,1630.536,1402.7143087430604,1615.7652437717297,0.10208188723407921,0.09,0.095,904.587846665201,502.5488037028895,603.0585644434674
2026-03-27,Brand A,Games,7616.494566778807,5494.860035309351,6816.271829548556,68499.59999999999,61054.00039232612,71750.22978472164,59513.11343322119,54338.06034917024,63498.953359478655,1369.992,1221.0800078465224,1435.0045956944327,0.11119035099152123,0.09,0.095,954.7355391612554,530.4086328673641,636.4903594408369
2026-03-27,Brand B,Sportsbook,5824.302208867215,5373.282717536118,4772.873520469063,50304.0,59703.141305956866,50240.77389967435,43473.61779113278,53135.79576230161,44463.084901211805,1006.08,1194.0628261191373,1004.815477993487,0.11578208907576365,0.09,0.095,202.95877109899365,112.75487283277425,135.3058473993291
2026-03-27,Brand B,Casino,3980.603145357952,4510.482347977578,3968.1615112982026,43864.8,50116.470533084204,41770.12117156003,39006.90085464205,44603.65877444494,36966.557236830624,877.296,1002.3294106616842,835.4024234312006,0.09074709437539785,0.09,0.095,-238.44564117883155,-132.4698006549064,-158.96376078588767
2026-03-27,Brand B,Games,3733.3055177946067,4430.502669818956,3958.568146047998,42079.200000000004,49227.807442432844,41669.13837945261,37504.310482205394,43812.748623765234,36877.187465815565,841.5840000000001,984.5561488486569,833.3827675890523,0.08872092429976346,0.09,0.095,-313.7387184109571,-174.2992880060873,-209.15914560730474
2026-03-27,Brand C,Sportsbook,6838.053599566292,7209.425277699845,6741.5492352087385,67685.0,80104.72530777605,70963.67616009199,59493.24640043371,71293.20552392068,62802.85340168141,1353.7,1602.0945061555212,1419.2735232018397,0.10102760729210744,0.09,0.095,-167.1172551600986,-92.84291953338811,-111.41150344006573
2026-03-27,Brand C,Casino,6929.104705298049,6457.623010606978,5937.142416558835,61372.0,71751.36678452198,62496.23596377721,53215.45529470195,63858.71643822456,55309.168827942834,1227.44,1435.0273356904395,1249.9247192755442,0.11290335503646695,0.09,0.095,212.16676261098215,117.87042367276786,141.44450840732142
2026-03-27,Brand C,Games,5337.245507333441,5740.709260959208,5042.021025448078,55475.0,63785.65845510232,53073.9055310324,49028.25449266656,56769.236025041064,46970.40639496367,1109.5,1275.7131691020463,1061.4781106206478,0.09620992352110755,0.09,0.095,-181.55868913159512,-100.86593840644173,-121.03912608773007
2026-03-28,Brand A,Sportsbook,6449.120831547661,6059.472364394853,6817.244035086682,75450.0,67327.47071549836,71760.46352722823,67491.87916845235,59921.448936793546,63508.01022159699,1509.0,1346.5494143099672,1435.2092705445646,0.0854754252027523,0.09,0.095,175.34181021876353,97.41211678820196,116.89454014584234
2026-03-28,Brand A,Casino,6265.169878429832,5559.079477333595,6764.587268043576,69590.4,61767.549748151054,71206.18176887975,61933.42212157016,54973.119275854435,63017.47086545857,1391.808,1235.350994963021,1424.1236353775948,0.09002922642246391,0.09,0.095,317.74068049330697,176.5226002740594,211.8271203288713
2026-03-28,Brand A,Games,8961.467004285741,5930.954349330507,7065.768838838247,76872.0,65899.49277033897,74376.51409303417,66373.09299571425,58650.54856560168,65823.21497233523,1537.44,1317.9898554067795,1487.5302818606835,0.1165764778369984,0.09,0.095,1363.7306947298555,757.6281637388086,909.1537964865703
2026-03-28,Brand B,Sportsbook,4105.3704972268915,4349.366523039963,4134.703275961053,42375.200000000004,48326.294700444036,43523.192378537395,37422.325502773114,43010.40228339519,38518.025255005596,847.5040000000001,966.5258940088808,870.4638475707479,0.09688144238202749,0.09,0.095,-109.79821161588211,-60.99900645326784,-73.1988077439214
2026-03-28,Brand B,Casino,3549.693167583102,4569.180972613061,3905.795888522297,42453.600000000006,50768.67747347846,41113.64093181365,38054.834832416906,45184.12295139583,36385.57222465508,849.0720000000001,1015.3735494695693,822.272818636273,0.08361347842310432,0.09,0.095,-458.7695122634818,-254.87195125748985,-305.8463415089878
2026-03-28,Brand B,Games,4919.6990923395615,5027.013069576778,4955.756926575287,50464.8,55855.70077307532,52165.86238500302,44535.80490766044,49711.57368803703,46166.78821072767,1009.296,1117.1140154615064,1043.3172477000603,0.09748773585428974,0.09,0.095,-48.291289756747624,-26.828494309304233,-32.194193171165075
2026-03-28,Brand C,Sportsbook,5832.821810281176,5992.780223579973,5288.295258219936,56819.0,66586.44692866637,55666.26587599932,49849.79818971883,59261.93776651307,49264.6453002594,1136.38,1331.7289385733272,1113.3253175199864,0.1026561856118759,0.09,0.095,-71.98128598445847,-39.98960332469915,-47.98752398963897
2026-03-28,Brand C,Casino,4670.068891835895,5662.820091505926,5124.006524252471,52711.0,62920.223238954735,53936.91078160495,46986.711108164105,55998.99868266971,47734.16604172038,1054.22,1258.4044647790947,1078.7382156320991,0.08859761514363027,0.09,0.095,-446.73803985151415,-248.18779991750785,-297.8253599010094
2026-03-28,Brand C,Games,6559.955373791766,5994.1982338621765,5297.6097441438715,57715.0,66602.20259846863,55764.31309625128,50000.74462620823,59275.960312637086,49351.41709018239,1154.3,1332.0440519693727,1115.2862619250257,0.11366118641240174,0.09,0.095,254.59071296831522,141.43928498239734,169.7271419788768
2026-03-29,Brand A,Sportsbook,6959.258714228307,5834.970681830069,7149.340174563953,74534.4,64833.00757588966,75256.21236383109,66084.4532857717,57701.3767425418,66601.74794199051,1490.6879999999999,1296.660151517793,1505.1242472766219,0.09336975563267844,0.09,0.095,505.92961457920717,281.0720080995595,337.2864097194714
2026-03-29,Brand A,Casino,5660.966097665495,4720.596109593189,5628.469301370644,60183.6,52451.06788436877,59247.04527758573,53318.96190233451,46681.45041708821,52433.63507066337,1203.672,1049.0213576873755,1184.9409055517146,0.09406160644536876,0.09,0.095,423.16649463253776,235.09249701807653,282.1109964216918
2026-03-29,Brand A,Games,6049.635874266257,4727.855787298928,5898.772424932526,61488.0,52531.730969988086,62092.34131507922,54208.60412573374,46753.2405632894,54951.72206384511,1229.76,1050.6346193997617,1241.8468263015843,0.09838726051044525,0.09,0.095,594.8010391352982,330.4450217418323,396.5340260901988
2026-03-29,Brand B,Sportsbook,5927.611533219518,4978.454092176386,4507.689352639007,49934.4,55316.15657973763,47449.36160672639,43008.10046678048,49231.37935596649,41992.68502195286,998.6880000000001,1106.3231315947526,948.9872321345277,0.11870797552828347,0.09,0.095,427.12084846940905,237.28936026078281,284.7472323129394
2026-03-29,Brand B,Casino,6512.446693590703,5597.140831431461,5382.18550189805,54964.8,62190.453682571795,56654.58423050579,47353.0573064093,55349.5037774889,50139.30704399762,1099.296,1243.809073651436,1133.0916846101159,0.1184839514305647,0.09,0.095,411.8876379716588,228.82646553981044,274.5917586477725
2026-03-29,Brand B,Games,4454.731673566779,5615.368882467452,5080.987838831227,53370.4,62392.98758297169,53484.08251401292,47848.26032643322,55529.75894884481,47333.41302490143,1067.4080000000001,1247.8597516594339,1069.6816502802583,0.08346820847448734,0.09,0.095,-522.2867440053027,-290.1593022251682,-348.1911626702018
2026-03-29,Brand C,Sportsbook,6943.9935920388,6609.609582103218,6012.685568314202,61855.0,73440.10646781353,63291.427034886336,53673.9064079612,65361.69475635404,56012.9129258744,1237.1000000000001,1468.8021293562706,1265.8285406977268,0.112262445914458,0.09,0.095,150.47280447101193,83.59600248389552,100.31520298067461
2026-03-29,Brand C,Casino,6169.793976372575,5460.501125608964,4983.716475414007,51750.0,60672.23472898849,52460.1734254106,44545.20602362743,53998.28890879976,46427.25348148838,1035.0,1213.44469457977,1049.203468508212,0.11922307200719953,0.09,0.095,319.18178284362523,177.3232126909029,212.78785522908348
2026-03-29,Brand C,Games,6612.637982800373,6516.162204686909,5618.449236988593,61918.0,72401.80227429899,59141.5709156694,54067.00201719963,64437.60402412609,52340.290260367416,1238.3600000000001,1448.0360454859797,1182.831418313388,0.10679669858200157,0.09,0.095,43.414100151058804,24.118944528366,28.942733434039198
2026-03-30,Brand A,Sportsbook,6731.749178073713,5114.03962171257,6567.893680231105,65847.59999999999,56822.662463472996,69135.7229498011,57798.89882192628,50572.169592490965,61185.11481057397,1316.9519999999998,1136.45324926946,1382.7144589960221,0.10223226325748719,0.09,0.095,727.9693003625143,404.4273890902857,485.3128669083428
2026-03-30,Brand A,Casino,9003.9025346214,6303.08033747998,7558.201565183919,83449.2,70034.22597199978,79560.0164756202,72776.3134653786,62330.46111507981,70410.61458092388,1668.984,1400.6845194399957,1591.200329512404,0.1078968106898736,0.09,0.095,1215.3699887136393,675.2055492853551,810.2466591424261
2026-03-30,Brand A,Games,6304.177563000247,5232.972239477048,5944.5981101696225,65078.399999999994,58144.13599418942,62574.716949153924,57472.65443699975,51748.28103482858,55378.62450000122,1301.568,1162.8827198837885,1251.4943389830785,0.0968705063892205,0.09,0.095,482.04239558543946,267.8013308807997,321.3615970569596
2026-03-30,Brand B,Sportsbook,4687.817408785796,4254.638631536588,4055.7034935972174,41200.0,47273.76257262876,42691.61572207597,35688.1825912142,42073.648689639595,37782.07991403723,824.0,945.4752514525752,853.8323144415194,0.11378197594140282,0.09,0.095,194.9304497621436,108.294694312302,129.9536331747624
2026-03-30,Brand B,Casino,4621.637443107348,4521.154443063484,4201.639927025581,43597.600000000006,50235.04936737205,44227.78870553243,38104.01055689266,44709.19393696113,39141.59300439621,871.9520000000001,1004.700987347441,884.5557741106486,0.10600669401772914,0.09,0.095,45.21735001973889,25.12075001096605,30.14490001315926
2026-03-30,Brand B,Games,4626.255408185741,5628.148020987013,5089.406874059073,55685.600000000006,62534.97801096682,53572.70393746393,49945.63259181427,55656.13042976047,47411.842984655574,1113.7120000000002,1250.6995602193365,1071.4540787492786,0.08307812806516837,0.09,0.095,-450.85167576057273,-250.47315320031817,-300.56778384038176
2026-03-30,Brand C,Sportsbook,5451.797599122533,5455.621863233126,4985.308849514688,52983.0,60618.020702590286,52476.93525804934,46471.542400877464,53950.038425305356,46442.08770337367,1059.66,1212.3604140518057,1049.5387051609869,0.10289711037733863,0.09,0.095,-1.7209188497666674,-0.9560660276481485,-1.1472792331777781
2026-03-30,Brand C,Casino,6202.886025503423,5881.81554373651,5467.783416607338,56640.0,65353.50604151678,57555.61491165619,49304.313974496574,58164.62037694993,50936.71919681573,1132.8,1307.0701208303358,1151.1122982331237,0.10951423067626101,0.09,0.095,144.48171679511083,80.26762044172824,96.32114453007388
2026-03-30,Brand C,Games,5852.140191434324,7008.923358579915,6296.517882852193,65520.0,77876.9262064435,66279.13560897045,58357.459808565676,69310.46432373472,58657.035013938854,1310.4,1557.53852412887,1325.582712179409,0.08931837899014536,0.09,0.095,-520.5524252155158,-289.19579178639765,-347.0349501436772
2026-03-31,Brand A,Sportsbook,5616.858989003346,5512.34296171937,6996.247801649574,70202.4,61248.25513021522,73644.71370157447,63181.493010996644,54510.947065891545,65175.571625893404,1404.048,1224.9651026043045,1472.8942740314894,0.08000950094303538,0.09,0.095,47.0322122777895,26.129006820994164,31.354808185192994
2026-03-31,Brand A,Casino,8059.958352646889,5620.264838530348,7139.846284295768,71995.2,62447.387094781654,75156.27667679756,62495.3376473531,55578.17451435568,66513.30485896584,1439.904,1248.947741895633,1503.125533535951,0.11195132943094663,0.09,0.095,1097.8620813524433,609.9233785291351,731.9080542349622
2026-03-31,Brand A,Games,5734.906288683006,5611.750010703067,6229.767479338411,68647.2,62352.777896700754,65576.49978250959,61539.34971131699,55493.972328063675,58035.20230752099,1372.944,1247.055557934015,1311.529995650192,0.08354173642454472,0.09,0.095,55.42032509097244,30.789069494984687,36.94688339398162
2026-03-31,Brand B,Sportsbook,4247.945594924427,4829.994011636545,4477.0013740276745,46748.8,53666.600129294944,47126.33025292289,41565.87840507557,47763.2741150725,41706.80227383676,934.9760000000001,1073.3320025858989,942.5266050584578,0.09086747884276017,0.09,0.095,-261.92178752045334,-145.51210417802963,-174.61452501363556
2026-03-31,Brand B,Casino,4696.735233600861,5136.088761034644,4568.932669635699,48492.8,57067.652900384935,48094.02810142841,42826.20876639914,50790.21108134259,42563.21486976414,969.8560000000001,1141.3530580076988,961.8805620285683,0.09685428009108281,0.09,0.095,-197.70908734520268,-109.83838185844593,-131.8060582301351
2026-03-31,Brand B,Games,4948.517427312445,5294.389448067155,4526.801198064284,50140.8,58826.5494229684,47650.53892699246,44189.46657268756,52355.62898644187,42170.72695038833,1002.816,1176.530988459368,953.0107785398493,0.0986924306615061,0.09,0.095,-155.64240933961966,-86.46800518867758,-103.7616062264131
2026-03-31,Brand C,Sportsbook,4250.249397453953,5290.027203885179,4811.453715048609,52033.0,58778.08004316866,50646.881211037995,46742.09060254604,52312.49123842011,44822.48987176863,1040.66,1175.561600863373,1012.93762422076,0.08168372758545447,0.09,0.095,-467.9000128940517,-259.9444516078065,-311.9333419293678
2026-03-31,Brand C,Casino,6890.552208608267,6611.812413078093,6036.526316973419,64286.0,73464.58236753437,63542.382283930725,56109.727791391735,65383.47830710559,56235.00832127869,1285.72,1469.2916473506875,1270.8476456786145,0.1071858913077228,0.09,0.095,125.4329079885783,69.6849488825435,83.62193865905219
2026-03-31,Brand C,Games,5050.189969028824,6498.795190512386,5904.845496490205,60426.0,72208.83545013763,62156.26838410742,54167.29003097118,64265.86355062249,55008.29751993506,1208.52,1444.1767090027527,1243.1253676821484,0.08357644009249038,0.09,0.095,-651.8723496676032,-362.15130537089067,-434.5815664450688
